Card,Set,Mana Cost,Card Type,Color,Rarity
Adanto Vanguard,Ixalan,1W,Creature  - Vampire Soldier,White,Uncommon
Admiral Beckett Brass,Ixalan,1UBR,Legendary Creature  - Human Pirate,Gold,Mythic Rare
Admiral's Order,Rivals of Ixalan,1UU,Instant,Blue,Rare
Aggressive Urge,Rivals of Ixalan,1G,Instant,Green,Common
Air Elemental,Ixalan,3UU,Creature  - Elemental,Blue,Uncommon
Ancient Brontodon,Ixalan,6GG,Creature  - Dinosaur,Green,Common
"Angrath, Minotaur Pirate",Rivals of Ixalan,4BR,Legendary Planeswalker  - Angrath,Gold,Mythic Rare
"Angrath, the Flame-Chained",Rivals of Ixalan,3BR,Legendary Planeswalker  - Angrath,Gold,Mythic Rare
Angrath's Ambusher,Rivals of Ixalan,2B,Creature  - Orc Pirate,Black,Uncommon
Angrath's Fury,Rivals of Ixalan,3BR,Sorcery,Gold,Rare
Angrath's Marauders,Ixalan,5RR,Creature  - Human Pirate,Red,Rare
Anointed Deacon,Ixalan,4B,Creature  - Vampire Cleric,Black,Common
Aquatic Incursion,Rivals of Ixalan,3U,Enchantment,Blue,Uncommon
Arcane Adaptation,Ixalan,2U,Enchantment,Blue,Rare
Arch of Orazca,Rivals of Ixalan,,Land,Land,Rare
Arguel's Blood Fast,Ixalan,1B,Legendary Enchantment,Black,Rare
Arterial Flow,Rivals of Ixalan,1BB,Sorcery,Black,Uncommon
Ashes of the Abhorrent,Ixalan,1W,Enchantment,White,Rare
Atzocan Archer,Ixalan,2G,Creature  - Human Archer,Green,Uncommon
Atzocan Seer,Rivals of Ixalan,1GW,Creature  - Human Druid,Gold,Uncommon
Awakened Amalgam,Rivals of Ixalan,4,Artifact Creature  - Golem,Artifact,Rare
Axis of Mortality,Ixalan,4WW,Enchantment,White,Mythic Rare
"Azor, the Lawbringer",Rivals of Ixalan,2WWUU,Legendary Creature  - Sphinx,Gold,Mythic Rare
Azor's Gateway,Rivals of Ixalan,2,Legendary Artifact,Artifact,Mythic Rare
Baffling End,Rivals of Ixalan,1W,Enchantment,White,Uncommon
Belligerent Brontodon,Ixalan,5GW,Creature  - Dinosaur,Gold,Uncommon
Bellowing Aegisaur,Ixalan,5W,Creature  - Dinosaur,White,Uncommon
Bishop of Binding,Rivals of Ixalan,3W,Creature  - Vampire Cleric,White,Rare
Bishop of Rebirth,Ixalan,3WW,Creature  - Vampire Cleric,White,Rare
Bishop of the Bloodstained,Ixalan,3BB,Creature  - Vampire Cleric,Black,Uncommon
Bishop's Soldier,Ixalan,1W,Creature  - Vampire Soldier,White,Common
Blazing Hope,Rivals of Ixalan,W,Instant,White,Uncommon
Blight Keeper,Ixalan,B,Creature  - Bat Imp,Black,Common
Blinding Fog,Ixalan,2G,Instant,Green,Common
Blood Sun,Rivals of Ixalan,2R,Enchantment,Red,Rare
Bloodcrazed Paladin,Ixalan,1B,Creature  - Vampire Knight,Black,Rare
Blossom Dryad,Ixalan,2G,Creature  - Dryad,Green,Common
Bombard,Rivals of Ixalan,2R,Instant,Red,Common
Bonded Horncrest,Ixalan,3R,Creature  - Dinosaur,Red,Uncommon
Boneyard Parley,Ixalan,5BB,Sorcery,Black,Mythic Rare
Brass's Bounty,Rivals of Ixalan,6R,Sorcery,Red,Rare
Brazen Buccaneers,Ixalan,3R,Creature  - Human Pirate,Red,Common
Brazen Freebooter,Rivals of Ixalan,3R,Creature  - Human Pirate,Red,Common
Bright Reprisal,Ixalan,4W,Instant,White,Uncommon
Buccaneer's Bravado,Rivals of Ixalan,1R,Instant,Red,Common
Burning Sun's Avatar,Ixalan,3RRR,Creature  - Dinosaur Avatar,Red,Rare
Cacophodon,Rivals of Ixalan,3G,Creature  - Dinosaur,Green,Uncommon
Call to the Feast,Ixalan,2WB,Sorcery,Gold,Uncommon
Canal Monitor,Rivals of Ixalan,4B,Creature  - Lizard,Black,Common
Cancel,Ixalan,1UU,Instant,Blue,Common
Captain Lannery Storm,Ixalan,2R,Legendary Creature  - Human Pirate,Red,Rare
Captain's Hook,Rivals of Ixalan,3,Artifact  - Equipment,Artifact,Rare
Captivating Crew,Ixalan,3R,Creature  - Human Pirate,Red,Rare
Carnage Tyrant,Ixalan,4GG,Creature  - Dinosaur,Green,Mythic Rare
Castaway's Despair,Ixalan,3U,Enchantment  - Aura,Blue,Common
Champion of Dusk,Rivals of Ixalan,3BB,Creature  - Vampire Knight,Black,Rare
Charging Monstrosaur,Ixalan,4R,Creature  - Dinosaur,Red,Uncommon
Charging Tuskodon,Rivals of Ixalan,3RR,Creature  - Dinosaur,Red,Uncommon
Chart a Course,Ixalan,1U,Sorcery,Blue,Uncommon
Cherished Hatchling,Rivals of Ixalan,1G,Creature  - Dinosaur,Green,Uncommon
Cinder Barrens,Rivals of Ixalan,,Land,Land,Common
Cleansing Ray,Rivals of Ixalan,1W,Sorcery,White,Common
Cobbled Wings,Ixalan,2,Artifact  - Equipment,Artifact,Common
Colossal Dreadmaw,Both,4GG,Creature  - Dinosaur,Green,Common
Commune with Dinosaurs,Ixalan,G,Sorcery,Green,Common
Conqueror's Galleon,Ixalan,4,Artifact  - Vehicle,Artifact,Rare
Contract Killing,Ixalan,3BB,Sorcery,Black,Common
Costly Plunder,Ixalan,1B,Instant,Black,Common
Crafty Cutpurse,Rivals of Ixalan,3U,Creature  - Human Pirate,Blue,Rare
Crash the Ramparts,Ixalan,2G,Instant,Green,Common
Crashing Tide,Rivals of Ixalan,2U,Sorcery,Blue,Common
Crested Herdcaller,Rivals of Ixalan,3GG,Creature  - Dinosaur,Green,Uncommon
Crushing Canopy,Ixalan,2G,Instant,Green,Common
Curious Obsession,Rivals of Ixalan,U,Enchantment  - Aura,Blue,Uncommon
Daring Buccaneer,Rivals of Ixalan,R,Creature  - Human Pirate,Red,Uncommon
Daring Saboteur,Ixalan,1U,Creature  - Human Pirate,Blue,Rare
Dark Inquiry,Rivals of Ixalan,2B,Sorcery,Black,Common
Dark Nourishment,Ixalan,4B,Instant,Black,Uncommon
Dead Man's Chest,Rivals of Ixalan,1B,Enchantment  - Aura,Black,Rare
Deadeye Brawler,Rivals of Ixalan,2UB,Creature  - Human Pirate,Gold,Uncommon
Deadeye Plunderers,Ixalan,3UB,Creature  - Human Pirate,Gold,Uncommon
Deadeye Quartermaster,Ixalan,3U,Creature  - Human Pirate,Blue,Uncommon
Deadeye Rig-Hauler,Rivals of Ixalan,3U,Creature  - Human Pirate,Blue,Common
Deadeye Tormentor,Ixalan,2B,Creature  - Human Pirate,Black,Common
Deadeye Tracker,Ixalan,B,Creature  - Human Pirate,Black,Rare
Deathgorge Scavenger,Ixalan,2G,Creature  - Dinosaur,Green,Rare
Deathless Ancient,Ixalan,4BB,Creature  - Vampire Knight,Black,Uncommon
Deeproot Champion,Ixalan,1G,Creature  - Merfolk Shaman,Green,Rare
Deeproot Elite,Rivals of Ixalan,1G,Creature  - Merfolk Warrior,Green,Rare
Deeproot Warrior,Ixalan,1G,Creature  - Merfolk Warrior,Green,Common
Deeproot Waters,Ixalan,2U,Enchantment,Blue,Uncommon
Demolish,Ixalan,3R,Sorcery,Red,Common
Demystify,Ixalan,W,Instant,White,Common
Depths of Desire,Ixalan,2U,Instant,Blue,Common
Desperate Castaways,Ixalan,1B,Creature  - Human Pirate,Black,Common
Dinosaur Hunter,Rivals of Ixalan,1B,Creature  - Human Pirate,Black,Common
Dinosaur Stampede,Ixalan,2R,Instant,Red,Uncommon
Dire Fleet Captain,Ixalan,BR,Creature  - Orc Pirate,Gold,Uncommon
Dire Fleet Daredevil,Rivals of Ixalan,1R,Creature  - Human Pirate,Red,Rare
Dire Fleet Hoarder,Ixalan,1B,Creature  - Human Pirate,Black,Common
Dire Fleet Interloper,Ixalan,3B,Creature  - Human Pirate,Black,Common
Dire Fleet Neckbreaker,Rivals of Ixalan,2BR,Creature  - Orc Pirate,Gold,Uncommon
Dire Fleet Poisoner,Rivals of Ixalan,1B,Creature  - Human Pirate,Black,Rare
Dire Fleet Ravager,Ixalan,3BB,Creature  - Orc Pirate Wizard,Black,Mythic Rare
Dive Down,Ixalan,U,Instant,Blue,Common
Divine Verdict,Rivals of Ixalan,3W,Instant,White,Common
Dowsing Dagger,Ixalan,2,Artifact  - Equipment,Artifact,Rare
Dragonskull Summit,Ixalan,,Land,Land,Rare
Dreamcaller Siren,Ixalan,2UU,Creature  - Siren Pirate,Blue,Rare
Drover of the Mighty,Ixalan,1G,Creature  - Human Druid,Green,Uncommon
Drowned Catacomb,Ixalan,,Land,Land,Rare
Dual Shot,Ixalan,R,Instant,Red,Common
Duress,Ixalan,B,Sorcery,Black,Common
Dusk Charger,Rivals of Ixalan,3B,Creature  - Horse,Black,Common
Dusk Legion Dreadnought,Ixalan,5,Artifact  - Vehicle,Artifact,Uncommon
Dusk Legion Zealot,Rivals of Ixalan,1B,Creature  - Vampire Soldier,Black,Common
Duskborne Skymarcher,Ixalan,W,Creature  - Vampire Cleric,White,Uncommon
Elaborate Firecannon,Ixalan,2,Artifact,Artifact,Uncommon
"Elenda, the Dusk Rose",Rivals of Ixalan,2WB,Legendary Creature  - Vampire Knight,Gold,Mythic Rare
Emergent Growth,Ixalan,3G,Sorcery,Green,Uncommon
Emissary of Sunrise,Ixalan,2W,Creature  - Human Cleric,White,Uncommon
Emperor's Vanguard,Ixalan,3G,Creature  - Human Scout,Green,Rare
Encampment Keeper,Ixalan,W,Creature  - Hound,White,Common
Enter the Unknown,Rivals of Ixalan,G,Sorcery,Green,Uncommon
Entrancing Melody,Ixalan,XUU,Sorcery,Blue,Rare
"Etali, Primal Storm",Rivals of Ixalan,4RR,Legendary Creature  - Elder Dinosaur,Red,Rare
Everdawn Champion,Rivals of Ixalan,1WW,Creature  - Human Soldier,White,Uncommon
Evolving Wilds,Rivals of Ixalan,,Land,Land,Common
Expel from Orazca,Rivals of Ixalan,1U,Instant,Blue,Uncommon
Exultant Skymarcher,Rivals of Ixalan,1WW,Creature  - Vampire Soldier,White,Common
Famished Paladin,Rivals of Ixalan,1W,Creature  - Vampire Knight,White,Uncommon
Fanatical Firebrand,Rivals of Ixalan,R,Creature  - Goblin Pirate,Red,Common
Fathom Fleet Boarder,Rivals of Ixalan,2B,Creature  - Orc Pirate,Black,Common
Fathom Fleet Captain,Ixalan,1B,Creature  - Human Pirate,Black,Rare
Fathom Fleet Cutthroat,Ixalan,3B,Creature  - Human Pirate,Black,Common
Fathom Fleet Firebrand,Ixalan,1R,Creature  - Human Pirate,Red,Common
Favorable Winds,Ixalan,1U,Enchantment,Blue,Uncommon
Fell Flagship,Ixalan,3,Artifact  - Vehicle,Artifact,Rare
Field of Ruin,Ixalan,,Land,Land,Uncommon
Fiery Cannonade,Ixalan,2R,Instant,Red,Uncommon
Fire Shrine Keeper,Ixalan,R,Creature  - Elemental,Red,Common
Firecannon Blast,Ixalan,1RR,Sorcery,Red,Common
Fleet Swallower,Ixalan,5UU,Creature  - Fish,Blue,Rare
Flood of Recollection,Rivals of Ixalan,UU,Sorcery,Blue,Uncommon
Forerunner of the Coalition,Rivals of Ixalan,2B,Creature  - Human Pirate,Black,Uncommon
Forerunner of the Empire,Rivals of Ixalan,3R,Creature  - Human Soldier,Red,Uncommon
Forerunner of the Heralds,Rivals of Ixalan,3G,Creature  - Merfolk Scout,Green,Uncommon
Forerunner of the Legion,Rivals of Ixalan,2W,Creature  - Vampire Knight,White,Uncommon
Form of the Dinosaur,Rivals of Ixalan,4RR,Enchantment,Red,Rare
Forsaken Sanctuary,Rivals of Ixalan,,Land,Land,Uncommon
Foul Orchard,Rivals of Ixalan,,Land,Land,Uncommon
Frenzied Raptor,Ixalan,2R,Creature  - Dinosaur,Red,Common
Frilled Deathspitter,Rivals of Ixalan,2R,Creature  - Dinosaur,Red,Common
"Ghalta, Primal Hunger",Rivals of Ixalan,10GG,Legendary Creature  - Elder Dinosaur,Green,Rare
Gilded Sentinel,Ixalan,4,Artifact Creature  - Golem,Artifact,Common
Giltgrove Stalker,Rivals of Ixalan,1G,Creature  - Merfolk Warrior,Green,Common
"Gishath, Sun's Avatar",Ixalan,5RGW,Legendary Creature  - Dinosaur Avatar,Gold,Mythic Rare
Glacial Fortress,Ixalan,,Land,Land,Rare
Gleaming Barrier,Rivals of Ixalan,2,Artifact Creature  - Wall,Artifact,Common
Glorifier of Dusk,Ixalan,3WW,Creature  - Vampire Soldier,White,Uncommon
Goblin Trailblazer,Rivals of Ixalan,1R,Creature  - Goblin Pirate,Red,Common
Golden Demise,Rivals of Ixalan,1BB,Sorcery,Black,Uncommon
Golden Guardian,Rivals of Ixalan,4,Artifact Creature  - Golem,Artifact,Rare
Goring Ceratops,Ixalan,5WW,Creature  - Dinosaur,White,Rare
Grasping Current,Ixalan,4U,Sorcery,Blue,Rare
Grasping Scoundrel,Rivals of Ixalan,B,Creature  - Human Pirate,Black,Common
Grazing Whiptail,Ixalan,2GG,Creature  - Dinosaur,Green,Common
Grim Captain's Call,Ixalan,2B,Sorcery,Black,Uncommon
Growing Rites of Itlimoc,Ixalan,2G,Legendary Enchantment,Green,Rare
Gruesome Fate,Rivals of Ixalan,2B,Sorcery,Black,Common
Hadana's Climb,Rivals of Ixalan,1GU,Legendary Enchantment,Gold,Rare
Hardy Veteran,Rivals of Ixalan,1G,Creature  - Human Warrior,Green,Common
Headstrong Brute,Ixalan,2R,Creature  - Orc Pirate,Red,Common
Headwater Sentries,Ixalan,3U,Creature  - Merfolk Warrior,Blue,Common
Heartless Pillage,Ixalan,2B,Sorcery,Black,Uncommon
Herald of Secret Streams,Ixalan,3U,Creature  - Merfolk Warrior,Blue,Rare
Hierophant's Chalice,Ixalan,3,Artifact,Artifact,Common
Highland Lake,Rivals of Ixalan,,Land,Land,Uncommon
Hijack,Ixalan,1RR,Sorcery,Red,Common
Hornswoggle,Rivals of Ixalan,2U,Instant,Blue,Uncommon
Hostage Taker,Ixalan,2UB,Creature  - Human Pirate,Gold,Rare
"Huatli, Dinosaur Knight",Ixalan,4RW,Legendary Planeswalker  - Huatli,Gold,Mythic Rare
"Huatli, Radiant Champion",Rivals of Ixalan,2GW,Legendary Planeswalker  - Huatli,Gold,Mythic Rare
"Huatli, Warrior Poet",Ixalan,3RW,Legendary Planeswalker  - Huatli,Gold,Mythic Rare
Huatli's Snubhorn,Ixalan,1W,Creature  - Dinosaur,White,Common
Huatli's Spurring,Ixalan,R,Instant,Red,Uncommon
Hunt the Weak,Rivals of Ixalan,3G,Sorcery,Green,Common
Impale,Rivals of Ixalan,2BB,Sorcery,Black,Common
Imperial Aerosaur,Ixalan,3W,Creature  - Dinosaur,White,Uncommon
Imperial Ceratops,Rivals of Ixalan,4W,Creature  - Dinosaur,White,Uncommon
Imperial Lancer,Ixalan,W,Creature  - Human Knight,White,Uncommon
Induced Amnesia,Rivals of Ixalan,2U,Enchantment,Blue,Rare
Inspiring Cleric,Ixalan,2W,Creature  - Vampire Cleric,White,Uncommon
Ixalan's Binding,Ixalan,3W,Enchantment,White,Uncommon
Ixalli's Diviner,Ixalan,1G,Creature  - Human Druid,Green,Common
Ixalli's Keeper,Ixalan,1G,Creature  - Human Shaman,Green,Common
"Jace, Cunning Castaway",Ixalan,1UU,Legendary Planeswalker  - Jace,Blue,Mythic Rare
"Jace, Ingenious Mind-Mage",Ixalan,4UU,Legendary Planeswalker  - Jace,Blue,Mythic Rare
Jace's Sentinel,Ixalan,1U,Creature  - Merfolk Warrior,Blue,Uncommon
Jade Bearer,Rivals of Ixalan,G,Creature  - Merfolk Shaman,Green,Common
Jade Guardian,Ixalan,3G,Creature  - Merfolk Shaman,Green,Common
Jadecraft Artisan,Rivals of Ixalan,3G,Creature  - Merfolk Shaman,Green,Common
Jadelight Ranger,Rivals of Ixalan,1GG,Creature  - Merfolk Scout,Green,Rare
Journey to Eternity,Rivals of Ixalan,1BG,Legendary Enchantment  - Aura,Gold,Rare
Jungle Creeper,Rivals of Ixalan,1BG,Creature  - Elemental,Gold,Uncommon
Jungle Delver,Ixalan,G,Creature  - Merfolk Warrior,Green,Common
Jungleborn Pioneer,Rivals of Ixalan,2G,Creature  - Merfolk Scout,Green,Common
Kinjalli's Caller,Ixalan,W,Creature  - Human Cleric,White,Common
Kinjalli's Sunwing,Ixalan,2W,Creature  - Dinosaur,White,Rare
Kitesail Corsair,Rivals of Ixalan,1U,Creature  - Human Pirate,Blue,Common
Kitesail Freebooter,Ixalan,1B,Creature  - Human Pirate,Black,Uncommon
Knight of the Stampede,Rivals of Ixalan,3G,Creature  - Human Knight,Green,Common
"Kopala, Warden of Waves",Ixalan,1UU,Legendary Creature  - Merfolk Wizard,Blue,Rare
"Kumena, Tyrant of Orazca",Rivals of Ixalan,1GU,Legendary Creature  - Merfolk Shaman,Gold,Mythic Rare
Kumena's Awakening,Rivals of Ixalan,2UU,Enchantment,Blue,Rare
Kumena's Speaker,Ixalan,G,Creature  - Merfolk Shaman,Green,Uncommon
Legion Conquistador,Both,2W,Creature  - Vampire Soldier,White,Common
Legion Lieutenant,Rivals of Ixalan,WB,Creature  - Vampire Knight,Gold,Uncommon
Legion's Judgment,Ixalan,2W,Sorcery,White,Common
Legion's Landing,Ixalan,W,Legendary Enchantment,White,Rare
Lightning Strike,Ixalan,1R,Instant,Red,Uncommon
Lightning-Rig Crew,Ixalan,2R,Creature  - Goblin Pirate,Red,Uncommon
Lookout's Dispersal,Ixalan,2U,Instant,Blue,Uncommon
Looming Altisaur,Ixalan,3W,Creature  - Dinosaur,White,Common
Luminous Bonds,Rivals of Ixalan,2W,Enchantment  - Aura,White,Common
Lurking Chupacabra,Ixalan,3B,Creature  - Beast Horror,Black,Uncommon
Majestic Heliopterus,Rivals of Ixalan,3W,Creature  - Dinosaur,White,Uncommon
Makeshift Munitions,Ixalan,1R,Enchantment,Red,Uncommon
Marauding Looter,Ixalan,2UR,Creature  - Human Pirate,Gold,Uncommon
March of the Drowned,Ixalan,B,Sorcery,Black,Common
Mark of the Vampire,Ixalan,3B,Enchantment  - Aura,Black,Common
Martyr of Dusk,Rivals of Ixalan,1W,Creature  - Vampire Soldier,White,Common
Mastermind's Acquisition,Rivals of Ixalan,2BB,Sorcery,Black,Rare
Mausoleum Harpy,Rivals of Ixalan,4B,Creature  - Harpy,Black,Uncommon
"Mavren Fein, Dusk Apostle",Ixalan,2W,Legendary Creature  - Vampire Cleric,White,Rare
Merfolk Branchwalker,Ixalan,1G,Creature  - Merfolk Scout,Green,Uncommon
Merfolk Mistbinder,Rivals of Ixalan,GU,Creature  - Merfolk Shaman,Gold,Uncommon
Mist-Cloaked Herald,Rivals of Ixalan,U,Creature  - Merfolk Warrior,Blue,Common
Moment of Craving,Rivals of Ixalan,1B,Instant,Black,Common
Moment of Triumph,Rivals of Ixalan,W,Instant,White,Common
Mutiny,Rivals of Ixalan,R,Sorcery,Red,Common
Naturalize,Rivals of Ixalan,1G,Instant,Green,Common
Navigator's Ruin,Ixalan,2U,Enchantment,Blue,Uncommon
Needletooth Raptor,Rivals of Ixalan,3R,Creature  - Dinosaur,Red,Uncommon
Negate,Rivals of Ixalan,1U,Instant,Blue,Common
Nest Robber,Ixalan,1R,Creature  - Dinosaur,Red,Common
New Horizons,Ixalan,2G,Enchantment  - Aura,Green,Common
"Nezahal, Primal Tide",Rivals of Ixalan,5UU,Legendary Creature  - Elder Dinosaur,Blue,Rare
Oathsworn Vampire,Rivals of Ixalan,1B,Creature  - Vampire Knight,Black,Uncommon
Old-Growth Dryads,Ixalan,G,Creature  - Dryad,Green,Rare
One With the Wind,Ixalan,1U,Enchantment  - Aura,Blue,Common
Opt,Ixalan,U,Instant,Blue,Common
Orazca Frillback,Rivals of Ixalan,2G,Creature  - Dinosaur,Green,Common
Orazca Raptor,Rivals of Ixalan,2RR,Creature  - Dinosaur,Red,Common
Orazca Relic,Rivals of Ixalan,3,Artifact,Artifact,Common
Otepec Huntmaster,Ixalan,1R,Creature  - Human Shaman,Red,Uncommon
Overflowing Insight,Ixalan,4UUU,Sorcery,Blue,Mythic Rare
Overgrown Armasaur,Rivals of Ixalan,3GG,Creature  - Dinosaur,Green,Common
Paladin of Atonement,Rivals of Ixalan,1W,Creature  - Vampire Knight,White,Rare
Paladin of the Bloodstained,Ixalan,3W,Creature  - Vampire Knight,White,Common
Path of Discovery,Rivals of Ixalan,3G,Enchantment,Green,Rare
Path of Mettle,Rivals of Ixalan,RW,Legendary Enchantment,Gold,Rare
Perilous Voyage,Ixalan,1U,Instant,Blue,Uncommon
Pillar of Origins,Ixalan,2,Artifact,Artifact,Uncommon
Pious Interdiction,Ixalan,3W,Enchantment  - Aura,White,Common
Pirate's Cutlass,Ixalan,3,Artifact  - Equipment,Artifact,Common
Pirate's Pillage,Rivals of Ixalan,3R,Sorcery,Red,Uncommon
Pirate's Prize,Ixalan,3U,Sorcery,Blue,Common
Pitiless Plunderer,Rivals of Ixalan,3B,Creature  - Human Pirate,Black,Uncommon
Plummet,Rivals of Ixalan,1G,Instant,Green,Common
Polyraptor,Rivals of Ixalan,6GG,Creature  - Dinosaur,Green,Mythic Rare
Pounce,Ixalan,1G,Instant,Green,Common
Pride of Conquerors,Rivals of Ixalan,1W,Instant,White,Uncommon
Priest of the Wakening Sun,Ixalan,W,Creature  - Human Cleric,White,Rare
Primal Amulet,Ixalan,4,Artifact,Artifact,Rare
Profane Procession,Rivals of Ixalan,1WB,Legendary Enchantment,Gold,Rare
Prosperous Pirates,Ixalan,4U,Creature  - Human Pirate,Blue,Common
Protean Raider,Rivals of Ixalan,1UR,Creature  - Shapeshifter Pirate,Gold,Rare
Prying Blade,Ixalan,1,Artifact  - Equipment,Artifact,Common
Pterodon Knight,Ixalan,3W,Creature  - Human Knight,White,Common
Queen's Agent,Ixalan,5B,Creature  - Vampire Scout,Black,Common
Queen's Bay Soldier,Ixalan,1B,Creature  - Vampire Soldier,Black,Common
Queen's Commission,Ixalan,2W,Sorcery,White,Common
Radiant Destiny,Rivals of Ixalan,2W,Enchantment,White,Rare
Raging Regisaur,Rivals of Ixalan,2RG,Creature  - Dinosaur,Gold,Uncommon
Raging Swordtooth,Ixalan,3RG,Creature  - Dinosaur,Gold,Uncommon
Raiders' Wake,Ixalan,3B,Enchantment,Black,Uncommon
Rallying Roar,Ixalan,2W,Instant,White,Uncommon
Rampaging Ferocidon,Ixalan,2R,Creature  - Dinosaur,Red,Rare
Ranging Raptors,Ixalan,2G,Creature  - Dinosaur,Green,Uncommon
Raptor Companion,Both,1W,Creature  - Dinosaur,White,Common
Raptor Hatchling,Ixalan,1R,Creature  - Dinosaur,Red,Uncommon
Ravenous Chupacabra,Rivals of Ixalan,2BB,Creature  - Beast Horror,Black,Uncommon
Ravenous Daggertooth,Ixalan,2G,Creature  - Dinosaur,Green,Common
Reaver Ambush,Rivals of Ixalan,2B,Instant,Black,Uncommon
Reckless Rage,Rivals of Ixalan,R,Instant,Red,Uncommon
Recover,Rivals of Ixalan,2B,Sorcery,Black,Common
Regisaur Alpha,Ixalan,3RG,Creature  - Dinosaur,Gold,Rare
Rekindling Phoenix,Rivals of Ixalan,2RR,Creature  - Phoenix,Red,Mythic Rare
Release to the Wind,Rivals of Ixalan,2U,Instant,Blue,Rare
Relentless Raptor,Rivals of Ixalan,RW,Creature  - Dinosaur,Gold,Uncommon
Repeating Barrage,Ixalan,1RR,Sorcery,Red,Rare
Resplendent Griffin,Rivals of Ixalan,1WU,Creature  - Griffin,Gold,Uncommon
Revel in Riches,Ixalan,4B,Enchantment,Black,Rare
Rigging Runner,Ixalan,R,Creature  - Goblin Pirate,Red,Uncommon
Rile,Ixalan,R,Sorcery,Red,Common
Ripjaw Raptor,Ixalan,2GG,Creature  - Dinosaur,Green,Rare
Ritual of Rejuvenation,Ixalan,2W,Instant,White,Common
River Darter,Rivals of Ixalan,2U,Creature  - Merfolk Warrior,Blue,Common
River Heralds' Boon,Ixalan,1G,Instant,Green,Common
River Sneak,Ixalan,1U,Creature  - Merfolk Warrior,Blue,Uncommon
River's Rebuke,Ixalan,4UU,Sorcery,Blue,Rare
Riverwise Augur,Rivals of Ixalan,3U,Creature  - Merfolk Wizard,Blue,Uncommon
Rootbound Crag,Ixalan,,Land,Land,Rare
Rowdy Crew,Ixalan,2RR,Creature  - Human Pirate,Red,Mythic Rare
Ruin Raider,Ixalan,2B,Creature  - Orc Pirate,Black,Rare
Rummaging Goblin,Ixalan,2R,Creature  - Goblin Rogue,Red,Common
Run Aground,Ixalan,3U,Instant,Blue,Common
Ruthless Knave,Ixalan,2B,Creature  - Orc Pirate,Black,Uncommon
Sadistic Skymarcher,Rivals of Ixalan,2B,Creature  - Vampire Soldier,Black,Uncommon
Sailor of Means,Both,2U,Creature  - Human Pirate,Blue,Common
Sanctum Seeker,Ixalan,2BB,Creature  - Vampire Knight,Black,Rare
Sanguine Glorifier,Rivals of Ixalan,3W,Creature  - Vampire Cleric,White,Common
Sanguine Sacrament,Ixalan,XWW,Instant,White,Rare
Savage Stomp,Ixalan,2G,Sorcery,Green,Uncommon
Sea Legs,Rivals of Ixalan,U,Enchantment  - Aura,Blue,Common
Seafloor Oracle,Rivals of Ixalan,2UU,Creature  - Merfolk Wizard,Blue,Rare
Search for Azcanta,Ixalan,1U,Legendary Enchantment,Blue,Rare
Secrets of the Golden City,Rivals of Ixalan,1UU,Sorcery,Blue,Common
See Red,Rivals of Ixalan,1R,Enchantment  - Aura,Red,Uncommon
Seekers' Squire,Ixalan,1B,Creature  - Human Scout,Black,Uncommon
Sentinel Totem,Ixalan,1,Artifact,Artifact,Uncommon
Settle the Wreckage,Ixalan,2WW,Instant,White,Rare
Shadowed Caravel,Ixalan,2,Artifact  - Vehicle,Artifact,Rare
Shake the Foundations,Rivals of Ixalan,2R,Instant,Red,Uncommon
Shaper Apprentice,Ixalan,1U,Creature  - Merfolk Wizard,Blue,Common
Shapers of Nature,Ixalan,1GU,Creature  - Merfolk Shaman,Gold,Uncommon
Shapers' Sanctuary,Ixalan,G,Enchantment,Green,Rare
Shatter,Rivals of Ixalan,1R,Instant,Red,Common
Sheltering Light,Ixalan,W,Instant,White,Uncommon
Shining Aerosaur,Ixalan,4W,Creature  - Dinosaur,White,Common
Shipwreck Looter,Ixalan,1U,Creature  - Human Pirate,Blue,Common
Shore Keeper,Ixalan,U,Creature  - Trilobite,Blue,Common
Siegehorn Ceratops,Rivals of Ixalan,GW,Creature  - Dinosaur,Gold,Rare
Silent Gravestone,Rivals of Ixalan,1,Artifact,Artifact,Rare
Silverclad Ferocidons,Rivals of Ixalan,5RR,Creature  - Dinosaur,Red,Rare
Silvergill Adept,Rivals of Ixalan,1U,Creature  - Merfolk Wizard,Blue,Uncommon
Siren Lookout,Ixalan,2U,Creature  - Siren Pirate,Blue,Common
Siren Reaver,Rivals of Ixalan,3U,Creature  - Siren Pirate,Blue,Uncommon
Siren Stormtamer,Ixalan,U,Creature  - Siren Pirate Wizard,Blue,Uncommon
Siren's Ruse,Ixalan,1U,Instant,Blue,Common
Skittering Heartstopper,Ixalan,B,Creature  - Insect,Black,Common
Skulduggery,Ixalan,B,Instant,Black,Common
Sky Terror,Ixalan,RW,Creature  - Dinosaur,Gold,Uncommon
Skyblade of the Legion,Ixalan,1W,Creature  - Vampire Soldier,White,Common
Skymarch Bloodletter,Ixalan,2B,Creature  - Vampire Soldier,Black,Common
Skymarcher Aspirant,Rivals of Ixalan,W,Creature  - Vampire Soldier,White,Uncommon
Slash of Talons,Ixalan,W,Instant,White,Common
Slaughter the Strong,Rivals of Ixalan,1WW,Sorcery,White,Rare
Sleek Schooner,Ixalan,3,Artifact  - Vehicle,Artifact,Uncommon
Slice in Twain,Ixalan,2GG,Instant,Green,Uncommon
Slippery Scoundrel,Rivals of Ixalan,2U,Creature  - Human Pirate,Blue,Uncommon
Snapping Sailback,Ixalan,4G,Creature  - Dinosaur,Green,Uncommon
Snubhorn Sentry,Rivals of Ixalan,W,Creature  - Dinosaur,White,Common
Sorcerous Spyglass,Ixalan,2,Artifact,Artifact,Rare
Soul of the Rapids,Rivals of Ixalan,3UU,Creature  - Elemental,Blue,Common
Spell Pierce,Ixalan,U,Instant,Blue,Common
Spell Swindle,Ixalan,3UU,Instant,Blue,Rare
Sphinx's Decree,Rivals of Ixalan,1W,Sorcery,White,Rare
Spike-Tailed Ceratops,Ixalan,4G,Creature  - Dinosaur,Green,Common
Spire Winder,Rivals of Ixalan,3U,Creature  - Snake,Blue,Common
Spreading Rot,Ixalan,4B,Sorcery,Black,Common
Squire's Devotion,Rivals of Ixalan,2W,Enchantment  - Aura,White,Common
Stampeding Horncrest,Rivals of Ixalan,4R,Creature  - Dinosaur,Red,Common
Star of Extinction,Ixalan,5RR,Sorcery,Red,Mythic Rare
Steadfast Armasaur,Ixalan,3W,Creature  - Dinosaur,White,Uncommon
Stone Quarry,Both,,Land,Land,Uncommon
Storm Fleet Aerialist,Ixalan,1U,Creature  - Human Pirate,Blue,Uncommon
Storm Fleet Arsonist,Ixalan,4R,Creature  - Orc Pirate,Red,Uncommon
Storm Fleet Pyromancer,Ixalan,4R,Creature  - Human Pirate Wizard,Red,Common
Storm Fleet Sprinter,Rivals of Ixalan,1UR,Creature  - Human Pirate,Gold,Uncommon
Storm Fleet Spy,Ixalan,2U,Creature  - Human Pirate,Blue,Uncommon
Storm Fleet Swashbuckler,Rivals of Ixalan,1R,Creature  - Human Pirate,Red,Uncommon
Storm Sculptor,Ixalan,3U,Creature  - Merfolk Wizard,Blue,Common
Storm the Vault,Rivals of Ixalan,2UR,Legendary Enchantment,Gold,Rare
Strength of the Pack,Rivals of Ixalan,4GG,Sorcery,Green,Uncommon
Strider Harness,Rivals of Ixalan,3,Artifact  - Equipment,Artifact,Common
Sun Sentinel,Rivals of Ixalan,1W,Creature  - Human Soldier,White,Common
Sun-Blessed Mount,Ixalan,3RW,Creature  - Dinosaur,Gold,Rare
Sun-Collared Raptor,Rivals of Ixalan,1R,Creature  - Dinosaur,Red,Common
Sun-Crested Pterodon,Rivals of Ixalan,4W,Creature  - Dinosaur,White,Common
Sun-Crowned Hunters,Ixalan,4RR,Creature  - Dinosaur,Red,Common
Sunbird's Invocation,Ixalan,5R,Enchantment,Red,Rare
Sunpetal Grove,Ixalan,,Land,Land,Rare
Sunrise Seeker,Ixalan,4W,Creature  - Human Scout,White,Common
Sure Strike,Ixalan,1R,Instant,Red,Common
Swab Goblin,Rivals of Ixalan,1R,Creature  - Goblin Pirate,Red,Common
Swaggering Corsair,Rivals of Ixalan,2R,Creature  - Human Pirate,Red,Common
Swashbuckling,Ixalan,1R,Enchantment  - Aura,Red,Common
Swift Warden,Rivals of Ixalan,1GG,Creature  - Merfolk Warrior,Green,Uncommon
Sword-Point Diplomacy,Ixalan,2B,Sorcery,Black,Rare
Sworn Guardian,Rivals of Ixalan,1U,Creature  - Merfolk Warrior,Blue,Common
Tempest Caller,Ixalan,2UU,Creature  - Merfolk Wizard,Blue,Uncommon
Temple Altisaur,Rivals of Ixalan,4W,Creature  - Dinosaur,White,Rare
Tendershoot Dryad,Rivals of Ixalan,4G,Creature  - Dryad,Green,Rare
Territorial Hammerskull,Ixalan,2W,Creature  - Dinosaur,White,Common
"Tetzimoc, Primal Death",Rivals of Ixalan,4BB,Legendary Creature  - Elder Dinosaur,Black,Rare
Thaumatic Compass,Ixalan,2,Artifact,Artifact,Rare
The Immortal Sun,Rivals of Ixalan,6,Legendary Artifact,Artifact,Mythic Rare
Thrash of Raptors,Ixalan,3R,Creature  - Dinosaur,Red,Common
Thrashing Brontodon,Rivals of Ixalan,1GG,Creature  - Dinosaur,Green,Uncommon
Thunderherd Migration,Rivals of Ixalan,1G,Sorcery,Green,Uncommon
Thundering Spineback,Ixalan,5GG,Creature  - Dinosaur,Green,Uncommon
Tilonalli's Crown,Rivals of Ixalan,1R,Enchantment  - Aura,Red,Common
Tilonalli's Knight,Ixalan,1R,Creature  - Human Knight,Red,Common
Tilonalli's Skinshifter,Ixalan,2R,Creature  - Human Shaman,Red,Rare
Tilonalli's Summoner,Rivals of Ixalan,1R,Creature  - Human Shaman,Red,Rare
Timestream Navigator,Rivals of Ixalan,1U,Creature  - Human Pirate Wizard,Blue,Mythic Rare
"Tishana, Voice of Thunder",Ixalan,5GU,Legendary Creature  - Merfolk Shaman,Gold,Mythic Rare
Tishana's Wayfinder,Ixalan,2G,Creature  - Merfolk Scout,Green,Common
Tocatli Honor Guard,Ixalan,1W,Creature  - Human Soldier,White,Rare
Tomb Robber,Rivals of Ixalan,2B,Creature  - Human Pirate,Black,Rare
Trapjaw Tyrant,Rivals of Ixalan,3WW,Creature  - Dinosaur,White,Mythic Rare
Traveler's Amulet,Rivals of Ixalan,1,Artifact,Artifact,Common
Treasure Map,Ixalan,2,Artifact,Artifact,Rare
Trove of Temptation,Ixalan,3R,Enchantment,Red,Uncommon
Twilight Prophet,Rivals of Ixalan,2BB,Creature  - Vampire Cleric,Black,Mythic Rare
Unclaimed Territory,Ixalan,,Land,Land,Uncommon
Unfriendly Fire,Ixalan,4R,Instant,Red,Common
Unknown Shores,Ixalan,,Land,Land,Common
Vampire Champion,Rivals of Ixalan,3B,Creature  - Vampire Soldier,Black,Common
Vampire Revenant,Rivals of Ixalan,3B,Creature  - Vampire Spirit,Black,Common
Vampire's Zeal,Ixalan,W,Instant,White,Common
Vance's Blasting Cannons,Ixalan,3R,Legendary Enchantment,Red,Rare
Vanquish the Weak,Ixalan,2B,Instant,Black,Common
Vanquisher's Banner,Ixalan,5,Artifact,Artifact,Rare
Verdant Rebirth,Ixalan,1G,Instant,Green,Uncommon
Verdant Sun's Avatar,Ixalan,5GG,Creature  - Dinosaur Avatar,Green,Rare
Vicious Conquistador,Ixalan,B,Creature  - Vampire Soldier,Black,Uncommon
Vineshaper Mystic,Ixalan,2G,Creature  - Merfolk Shaman,Green,Uncommon
"Vona, Butcher of Magan",Ixalan,3WB,Legendary Creature  - Vampire Knight,Gold,Mythic Rare
Vona's Hunger,Rivals of Ixalan,2B,Instant,Black,Rare
Voracious Vampire,Rivals of Ixalan,2B,Creature  - Vampire Knight,Black,Common
"Vraska, Relic Seeker",Ixalan,4BG,Legendary Planeswalker  - Vraska,Gold,Mythic Rare
"Vraska, Scheming Gorgon",Rivals of Ixalan,4BB,Legendary Planeswalker  - Vraska,Black,Mythic Rare
Vraska's Conquistador,Rivals of Ixalan,1B,Creature  - Vampire Soldier,Black,Uncommon
Vraska's Contempt,Ixalan,2BB,Instant,Black,Rare
Vraska's Scorn,Rivals of Ixalan,2BB,Sorcery,Black,Rare
Wakening Sun's Avatar,Ixalan,5WWW,Creature  - Dinosaur Avatar,White,Mythic Rare
Waker of the Wilds,Ixalan,2GG,Creature  - Merfolk Shaman,Green,Rare
Walk the Plank,Ixalan,BB,Sorcery,Black,Uncommon
Wanted Scoundrels,Ixalan,1B,Creature  - Human Pirate,Black,Uncommon
Warkite Marauder,Rivals of Ixalan,1U,Creature  - Human Pirate,Blue,Rare
Waterknot,Rivals of Ixalan,1UU,Enchantment  - Aura,Blue,Common
Watertrap Weaver,Ixalan,2U,Creature  - Merfolk Wizard,Blue,Common
Wayward Swordtooth,Rivals of Ixalan,2G,Creature  - Dinosaur,Green,Rare
Wildgrowth Walker,Ixalan,1G,Creature  - Elemental,Green,Uncommon
Wily Goblin,Ixalan,RR,Creature  - Goblin Pirate,Red,Uncommon
Wind Strider,Ixalan,4U,Creature  - Merfolk Wizard,Blue,Common
Woodland Stream,Both,,Land,Land,Uncommon
World Shaper,Rivals of Ixalan,3G,Creature  - Merfolk Shaman,Green,Rare
"Zacama, Primal Calamity",Rivals of Ixalan,6RGW,Legendary Creature  - Elder Dinosaur,Gold,Mythic Rare
"Zetalpa, Primal Dawn",Rivals of Ixalan,6WW,Legendary Creature  - Elder Dinosaur,White,Rare
