number,rarity,color,title,set,imageUrl,lowScore,highScore,instant,removal,face,fixing,review
1,mythic,white,Angel of Grace,rna-jas,https://raw.githubusercontent.com/jakobmattsson/mtg-cards/master/images/rna/Angel of Grace.png,4,,,,,,
2,uncommon,white,Angelic Exaltation,rna-jas,https://raw.githubusercontent.com/jakobmattsson/mtg-cards/master/images/rna/Angelic Exaltation.png,2.5,,,,,,
3,uncommon,white,Archway Angel,rna-jas,https://raw.githubusercontent.com/jakobmattsson/mtg-cards/master/images/rna/Archway Angel.png,2.5,,,,,,
4,common,white,Arrester's Zeal,rna-jas,https://raw.githubusercontent.com/jakobmattsson/mtg-cards/master/images/rna/Arrester's Zeal.png,1.5,,,,,,
5,common,white,Bring to Trial,rna-jas,https://raw.githubusercontent.com/jakobmattsson/mtg-cards/master/images/rna/Bring to Trial.png,1.5,,,,,,
6,common,white,Civic Stalwart,rna-jas,https://raw.githubusercontent.com/jakobmattsson/mtg-cards/master/images/rna/Civic Stalwart.png,2,,,,,,
7,common,white,Concordia Pegasus,rna-jas,https://raw.githubusercontent.com/jakobmattsson/mtg-cards/master/images/rna/Concordia Pegasus.png,1.5,,,,,,
8,common,white,Expose to Daylight,rna-jas,https://raw.githubusercontent.com/jakobmattsson/mtg-cards/master/images/rna/Expose to Daylight.png,0.5,,,,,,
9,uncommon,white,Forbidding Spirit,rna-jas,https://raw.githubusercontent.com/jakobmattsson/mtg-cards/master/images/rna/Forbidding Spirit.png,3,,,,,,
10,common,white,Haazda Officer,rna-jas,https://raw.githubusercontent.com/jakobmattsson/mtg-cards/master/images/rna/Haazda Officer.png,1.5,,,,,,
11,rare,white,Hero of Precinct One,rna-jas,https://raw.githubusercontent.com/jakobmattsson/mtg-cards/master/images/rna/Hero of Precinct One.png,3.5,,,,,,
12,common,white,Impassioned Orator,rna-jas,https://raw.githubusercontent.com/jakobmattsson/mtg-cards/master/images/rna/Impassioned Orator.png,1.5,,,,,,
13,common,white,Justiciar's Portal,rna-jas,https://raw.githubusercontent.com/jakobmattsson/mtg-cards/master/images/rna/Justiciar's Portal.png,2.5,,,,,,
14,common,white,Knight of Sorrows,rna-jas,https://raw.githubusercontent.com/jakobmattsson/mtg-cards/master/images/rna/Knight of Sorrows.png,2.5,,,,,,
15,rare,white,Lumbering Battlement,rna-jas,https://raw.githubusercontent.com/jakobmattsson/mtg-cards/master/images/rna/Lumbering Battlement.png,3.5,,,,,,
16,uncommon,white,Ministrant of Obligation,rna-jas,https://raw.githubusercontent.com/jakobmattsson/mtg-cards/master/images/rna/Ministrant of Obligation.png,3,,,,,,
17,common,white,Prowling Caracal,rna-jas,https://raw.githubusercontent.com/jakobmattsson/mtg-cards/master/images/rna/Prowling Caracal.png,1.5,,,,,,
18,uncommon,white,Rally to Battle,rna-jas,https://raw.githubusercontent.com/jakobmattsson/mtg-cards/master/images/rna/Rally to Battle.png,2,,,,,,
19,uncommon,white,Resolute Watchdog,rna-jas,https://raw.githubusercontent.com/jakobmattsson/mtg-cards/master/images/rna/Resolute Watchdog.png,3.5,,,,,,
20,uncommon,white,Sentinel's Mark,rna-jas,https://raw.githubusercontent.com/jakobmattsson/mtg-cards/master/images/rna/Sentinel's Mark.png,2,,,,,,
21,uncommon,white,Sky Tether,rna-jas,https://raw.githubusercontent.com/jakobmattsson/mtg-cards/master/images/rna/Sky Tether.png,2,,,,,,
22,rare,white,Smothering Tithe,rna-jas,https://raw.githubusercontent.com/jakobmattsson/mtg-cards/master/images/rna/Smothering Tithe.png,3,,,,,,
23,uncommon,white,Spirit of the Spires,rna-jas,https://raw.githubusercontent.com/jakobmattsson/mtg-cards/master/images/rna/Spirit of the Spires.png,3.5,,,,,,
24,common,white,Summary Judgment,rna-jas,https://raw.githubusercontent.com/jakobmattsson/mtg-cards/master/images/rna/Summary Judgment.png,2,,,,,,
25,common,white,Syndicate Messenger,rna-jas,https://raw.githubusercontent.com/jakobmattsson/mtg-cards/master/images/rna/Syndicate Messenger.png,2.5,,,,,,
26,common,white,Tenth District Veteran,rna-jas,https://raw.githubusercontent.com/jakobmattsson/mtg-cards/master/images/rna/Tenth District Veteran.png,2,,,,,,
27,rare,white,Tithe Taker,rna-jas,https://raw.githubusercontent.com/jakobmattsson/mtg-cards/master/images/rna/Tithe Taker.png,3,,,,,,
28,common,white,Twilight Panther,rna-jas,https://raw.githubusercontent.com/jakobmattsson/mtg-cards/master/images/rna/Twilight Panther.png,1,,,,,,
29,rare,white,Unbreakable Formation,rna-jas,https://raw.githubusercontent.com/jakobmattsson/mtg-cards/master/images/rna/Unbreakable Formation.png,3.5,,,,,,
30,common,white,Watchful Giant,rna-jas,https://raw.githubusercontent.com/jakobmattsson/mtg-cards/master/images/rna/Watchful Giant.png,1.5,,,,,,
31,common,blue,Arrester's Admonition,rna-jas,https://raw.githubusercontent.com/jakobmattsson/mtg-cards/master/images/rna/Arrester's Admonition.png,2,,,,,,
32,rare,blue,Benthic Biomancer,rna-jas,https://raw.githubusercontent.com/jakobmattsson/mtg-cards/master/images/rna/Benthic Biomancer.png,3,,,,,,
33,common,blue,Chillbringer,rna-jas,https://raw.githubusercontent.com/jakobmattsson/mtg-cards/master/images/rna/Chillbringer.png,3,,,,,,
34,common,blue,Clear the Mind,rna-jas,https://raw.githubusercontent.com/jakobmattsson/mtg-cards/master/images/rna/Clear the Mind.png,1,,,,,,
35,uncommon,blue,Code of Constraint,rna-jas,https://raw.githubusercontent.com/jakobmattsson/mtg-cards/master/images/rna/Code of Constraint.png,2.5,,,,,,
36,common,blue,Coral Commando,rna-jas,https://raw.githubusercontent.com/jakobmattsson/mtg-cards/master/images/rna/Coral Commando.png,1,,,,,,
37,uncommon,blue,Essence Capture,rna-jas,https://raw.githubusercontent.com/jakobmattsson/mtg-cards/master/images/rna/Essence Capture.png,3,,,,,,
38,uncommon,blue,Eyes Everywhere,rna-jas,https://raw.githubusercontent.com/jakobmattsson/mtg-cards/master/images/rna/Eyes Everywhere.png,3,,,,,,
39,common,blue,Faerie Duelist,rna-jas,https://raw.githubusercontent.com/jakobmattsson/mtg-cards/master/images/rna/Faerie Duelist.png,2.5,,,,,,
40,uncommon,blue,Gateway Sneak,rna-jas,https://raw.githubusercontent.com/jakobmattsson/mtg-cards/master/images/rna/Gateway Sneak.png,2.5,,,,,,
41,common,blue,Humongulus,rna-jas,https://raw.githubusercontent.com/jakobmattsson/mtg-cards/master/images/rna/Humongulus.png,2.5,,,,,,
42,rare,blue,Mass Manipulation,rna-jas,https://raw.githubusercontent.com/jakobmattsson/mtg-cards/master/images/rna/Mass Manipulation.png,4,,,,,,
43,mythic,blue,Mesmerizing Benthid,rna-jas,https://raw.githubusercontent.com/jakobmattsson/mtg-cards/master/images/rna/Mesmerizing Benthid.png,4,,,,,,
44,common,blue,Persistent Petitioners,rna-jas,https://raw.githubusercontent.com/jakobmattsson/mtg-cards/master/images/rna/Persistent Petitioners.png,1,,,,,,
45,rare,blue,Precognitive Perception,rna-jas,https://raw.githubusercontent.com/jakobmattsson/mtg-cards/master/images/rna/Precognitive Perception.png,3.5,,,,,,
46,common,blue,Prying Eyes,rna-jas,https://raw.githubusercontent.com/jakobmattsson/mtg-cards/master/images/rna/Prying Eyes.png,2.5,,,,,,
47,uncommon,blue,Pteramander,rna-jas,https://raw.githubusercontent.com/jakobmattsson/mtg-cards/master/images/rna/Pteramander.png,3.5,,,,,,
48,common,blue,Quench,rna-jas,https://raw.githubusercontent.com/jakobmattsson/mtg-cards/master/images/rna/Quench.png,2,,,,,,
49,common,blue,Sage's Row Savant,rna-jas,https://raw.githubusercontent.com/jakobmattsson/mtg-cards/master/images/rna/Sage's Row Savant.png,2.5,,,,,,
50,common,blue,Senate Courier,rna-jas,https://raw.githubusercontent.com/jakobmattsson/mtg-cards/master/images/rna/Senate Courier.png,2.5,,,,,,
51,common,blue,Shimmer of Possibility,rna-jas,https://raw.githubusercontent.com/jakobmattsson/mtg-cards/master/images/rna/Shimmer of Possibility.png,3,,,,,,
52,uncommon,blue,Skatewing Spy,rna-jas,https://raw.githubusercontent.com/jakobmattsson/mtg-cards/master/images/rna/Skatewing Spy.png,3.5,,,,,,
53,common,blue,Skitter Eel,rna-jas,https://raw.githubusercontent.com/jakobmattsson/mtg-cards/master/images/rna/Skitter Eel.png,2,,,,,,
54,common,blue,Slimebind,rna-jas,https://raw.githubusercontent.com/jakobmattsson/mtg-cards/master/images/rna/Slimebind.png,1.5,,,,,,
55,rare,blue,Sphinx of Foresight,rna-jas,https://raw.githubusercontent.com/jakobmattsson/mtg-cards/master/images/rna/Sphinx of Foresight.png,4,,,,,,
56,uncommon,blue,Swirling Torrent,rna-jas,https://raw.githubusercontent.com/jakobmattsson/mtg-cards/master/images/rna/Swirling Torrent.png,2.5,,,,,,
57,common,blue,Thought Collapse,rna-jas,https://raw.githubusercontent.com/jakobmattsson/mtg-cards/master/images/rna/Thought Collapse.png,2,,,,,,
58,rare,blue,Verity Circle,rna-jas,https://raw.githubusercontent.com/jakobmattsson/mtg-cards/master/images/rna/Verity Circle.png,2.5,,,,,,
59,uncommon,blue,Wall of Lost Thoughts,rna-jas,https://raw.githubusercontent.com/jakobmattsson/mtg-cards/master/images/rna/Wall of Lost Thoughts.png,1,,,,,,
60,uncommon,blue,Windstorm Drake,rna-jas,https://raw.githubusercontent.com/jakobmattsson/mtg-cards/master/images/rna/Windstorm Drake.png,3,,,,,,
61,rare,black,Awaken the Erstwhile,rna-jas,https://raw.githubusercontent.com/jakobmattsson/mtg-cards/master/images/rna/Awaken the Erstwhile.png,2,,,,,,
62,uncommon,black,Bankrupt in Blood,rna-jas,https://raw.githubusercontent.com/jakobmattsson/mtg-cards/master/images/rna/Bankrupt in Blood.png,2.5,,,,,,
63,common,black,Blade Juggler,rna-jas,https://raw.githubusercontent.com/jakobmattsson/mtg-cards/master/images/rna/Blade Juggler.png,2.5,,,,,,
64,common,black,Bladebrand,rna-jas,https://raw.githubusercontent.com/jakobmattsson/mtg-cards/master/images/rna/Bladebrand.png,2.5,,,,,,
65,uncommon,black,Bloodmist Infiltrator,rna-jas,https://raw.githubusercontent.com/jakobmattsson/mtg-cards/master/images/rna/Bloodmist Infiltrator.png,2,,,,,,
66,common,black,Carrion Imp,rna-jas,https://raw.githubusercontent.com/jakobmattsson/mtg-cards/master/images/rna/Carrion Imp.png,2,,,,,,
67,common,black,Catacomb Crocodile,rna-jas,https://raw.githubusercontent.com/jakobmattsson/mtg-cards/master/images/rna/Catacomb Crocodile.png,1,,,,,,
68,uncommon,black,Clear the Stage,rna-jas,https://raw.githubusercontent.com/jakobmattsson/mtg-cards/master/images/rna/Clear the Stage.png,3,,,,,,
69,common,black,Consign to the Pit,rna-jas,https://raw.githubusercontent.com/jakobmattsson/mtg-cards/master/images/rna/Consign to the Pit.png,3,,,,,,
70,uncommon,black,Cry of the Carnarium,rna-jas,https://raw.githubusercontent.com/jakobmattsson/mtg-cards/master/images/rna/Cry of the Carnarium.png,3,,,,,,
71,common,black,Dead Revels,rna-jas,https://raw.githubusercontent.com/jakobmattsson/mtg-cards/master/images/rna/Dead Revels.png,2.5,,,,,,
72,common,black,Debtors' Transport,rna-jas,https://raw.githubusercontent.com/jakobmattsson/mtg-cards/master/images/rna/Debtors' Transport.png,2,,,,,,
73,uncommon,black,Drill Bit,rna-jas,https://raw.githubusercontent.com/jakobmattsson/mtg-cards/master/images/rna/Drill Bit.png,2.5,,,,,,
74,rare,black,Font of Agonies,rna-jas,https://raw.githubusercontent.com/jakobmattsson/mtg-cards/master/images/rna/Font of Agonies.png,1,,,,,,
75,common,black,Grotesque Demise,rna-jas,https://raw.githubusercontent.com/jakobmattsson/mtg-cards/master/images/rna/Grotesque Demise.png,3.5,,,,,,
76,rare,black,Gutterbones,rna-jas,https://raw.githubusercontent.com/jakobmattsson/mtg-cards/master/images/rna/Gutterbones.png,3.5,,,,,,
77,common,black,Ill-Gotten Inheritance,rna-jas,https://raw.githubusercontent.com/jakobmattsson/mtg-cards/master/images/rna/Ill-Gotten Inheritance.png,2,,,,,,
78,common,black,Noxious Groodion,rna-jas,https://raw.githubusercontent.com/jakobmattsson/mtg-cards/master/images/rna/Noxious Groodion.png,2.5,,,,,,
79,uncommon,black,Orzhov Enforcer,rna-jas,https://raw.githubusercontent.com/jakobmattsson/mtg-cards/master/images/rna/Orzhov Enforcer.png,3.5,,,,,,
80,uncommon,black,Orzhov Racketeers,rna-jas,https://raw.githubusercontent.com/jakobmattsson/mtg-cards/master/images/rna/Orzhov Racketeers.png,3.5,,,,,,
81,rare,black,Pestilent Spirit,rna-jas,https://raw.githubusercontent.com/jakobmattsson/mtg-cards/master/images/rna/Pestilent Spirit.png,3.5,,,,,,
82,common,black,Plague Wight,rna-jas,https://raw.githubusercontent.com/jakobmattsson/mtg-cards/master/images/rna/Plague Wight.png,2,,,,,,
83,rare,black,Priest of Forgotten Gods,rna-jas,https://raw.githubusercontent.com/jakobmattsson/mtg-cards/master/images/rna/Priest of Forgotten Gods.png,3.5,,,,,,
84,common,black,Rakdos Trumpeter,rna-jas,https://raw.githubusercontent.com/jakobmattsson/mtg-cards/master/images/rna/Rakdos Trumpeter.png,2.5,,,,,,
85,mythic,black,Spawn of Mayhem,rna-jas,https://raw.githubusercontent.com/jakobmattsson/mtg-cards/master/images/rna/Spawn of Mayhem.png,4.5,,,,,,
86,uncommon,black,Spire Mangler,rna-jas,https://raw.githubusercontent.com/jakobmattsson/mtg-cards/master/images/rna/Spire Mangler.png,3.5,,,,,,
87,common,black,Thirsting Shade,rna-jas,https://raw.githubusercontent.com/jakobmattsson/mtg-cards/master/images/rna/Thirsting Shade.png,2,,,,,,
88,common,black,Undercity Scavenger,rna-jas,https://raw.githubusercontent.com/jakobmattsson/mtg-cards/master/images/rna/Undercity Scavenger.png,3,,,,,,
89,common,black,Undercity's Embrace,rna-jas,https://raw.githubusercontent.com/jakobmattsson/mtg-cards/master/images/rna/Undercity's Embrace.png,3,,,,,,
90,uncommon,black,Vindictive Vampire,rna-jas,https://raw.githubusercontent.com/jakobmattsson/mtg-cards/master/images/rna/Vindictive Vampire.png,3,,,,,,
91,common,red,Act of Treason,rna-jas,https://raw.githubusercontent.com/jakobmattsson/mtg-cards/master/images/rna/Act of Treason.png,2,,,,,,
92,rare,red,Amplifire,rna-jas,https://raw.githubusercontent.com/jakobmattsson/mtg-cards/master/images/rna/Amplifire.png,3,,,,,,
93,common,red,Burn Bright,rna-jas,https://raw.githubusercontent.com/jakobmattsson/mtg-cards/master/images/rna/Burn Bright.png,2.5,,,,,,
94,common,red,Burning-Tree Vandal,rna-jas,https://raw.githubusercontent.com/jakobmattsson/mtg-cards/master/images/rna/Burning-Tree Vandal.png,2.5,,,,,,
95,uncommon,red,Cavalcade of Calamity,rna-jas,https://raw.githubusercontent.com/jakobmattsson/mtg-cards/master/images/rna/Cavalcade of Calamity.png,1.5,,,,,,
96,uncommon,red,Clamor Shaman,rna-jas,https://raw.githubusercontent.com/jakobmattsson/mtg-cards/master/images/rna/Clamor Shaman.png,3,,,,,,
97,uncommon,red,Dagger Caster,rna-jas,https://raw.githubusercontent.com/jakobmattsson/mtg-cards/master/images/rna/Dagger Caster.png,3,,,,,,
98,common,red,Deface,rna-jas,https://raw.githubusercontent.com/jakobmattsson/mtg-cards/master/images/rna/Deface.png,0.5,,,,,,
99,rare,red,Electrodominance,rna-jas,https://raw.githubusercontent.com/jakobmattsson/mtg-cards/master/images/rna/Electrodominance.png,3.5,,,,,,
100,common,red,Feral Maaka,rna-jas,https://raw.githubusercontent.com/jakobmattsson/mtg-cards/master/images/rna/Feral Maaka.png,1,,,,,,
101,uncommon,red,Flames of the Raze-Boar,rna-jas,https://raw.githubusercontent.com/jakobmattsson/mtg-cards/master/images/rna/Flames of the Raze-Boar.png,3.5,,,,,,
102,uncommon,red,Gates Ablaze,rna-jas,https://raw.githubusercontent.com/jakobmattsson/mtg-cards/master/images/rna/Gates Ablaze.png,1,,,,,,
103,common,red,Ghor-Clan Wrecker,rna-jas,https://raw.githubusercontent.com/jakobmattsson/mtg-cards/master/images/rna/Ghor-Clan Wrecker.png,2.5,,,,,,
104,common,red,Goblin Gathering,rna-jas,https://raw.githubusercontent.com/jakobmattsson/mtg-cards/master/images/rna/Goblin Gathering.png,2,,,,,,
105,common,red,Gravel-Hide Goblin,rna-jas,https://raw.githubusercontent.com/jakobmattsson/mtg-cards/master/images/rna/Gravel-Hide Goblin.png,2,,,,,,
106,rare,red,Immolation Shaman,rna-jas,https://raw.githubusercontent.com/jakobmattsson/mtg-cards/master/images/rna/Immolation Shaman.png,3.5,,,,,,
107,uncommon,red,Light Up the Stage,rna-jas,https://raw.githubusercontent.com/jakobmattsson/mtg-cards/master/images/rna/Light Up the Stage.png,3,,,,,,
108,rare,red,Mirror March,rna-jas,https://raw.githubusercontent.com/jakobmattsson/mtg-cards/master/images/rna/Mirror March.png,1,,,,,,
109,rare,red,Rix Maadi Reveler,rna-jas,https://raw.githubusercontent.com/jakobmattsson/mtg-cards/master/images/rna/Rix Maadi Reveler.png,3.5,,,,,,
110,common,red,Rubble Reading,rna-jas,https://raw.githubusercontent.com/jakobmattsson/mtg-cards/master/images/rna/Rubble Reading.png,0,,,,,,
111,common,red,Rubblebelt Recluse,rna-jas,https://raw.githubusercontent.com/jakobmattsson/mtg-cards/master/images/rna/Rubblebelt Recluse.png,2,,,,,,
112,uncommon,red,Rumbling Ruin,rna-jas,https://raw.githubusercontent.com/jakobmattsson/mtg-cards/master/images/rna/Rumbling Ruin.png,2.5,,,,,,
113,common,red,Scorchmark,rna-jas,https://raw.githubusercontent.com/jakobmattsson/mtg-cards/master/images/rna/Scorchmark.png,3,,,,,,
114,mythic,red,Skarrgan Hellkite,rna-jas,https://raw.githubusercontent.com/jakobmattsson/mtg-cards/master/images/rna/Skarrgan Hellkite.png,4,,,,,,
115,common,red,Skewer the Critics,rna-jas,https://raw.githubusercontent.com/jakobmattsson/mtg-cards/master/images/rna/Skewer the Critics.png,3,,,,,,
116,uncommon,red,Smelt-Ward Ignus,rna-jas,https://raw.githubusercontent.com/jakobmattsson/mtg-cards/master/images/rna/Smelt-Ward Ignus.png,3.5,,,,,,
117,common,red,Spear Spewer,rna-jas,https://raw.githubusercontent.com/jakobmattsson/mtg-cards/master/images/rna/Spear Spewer.png,2,,,,,,
118,common,red,Spikewheel Acrobat,rna-jas,https://raw.githubusercontent.com/jakobmattsson/mtg-cards/master/images/rna/Spikewheel Acrobat.png,1.5,,,,,,
119,common,red,Storm Strike,rna-jas,https://raw.githubusercontent.com/jakobmattsson/mtg-cards/master/images/rna/Storm Strike.png,2,,,,,,
120,uncommon,red,Tin Street Dodger,rna-jas,https://raw.githubusercontent.com/jakobmattsson/mtg-cards/master/images/rna/Tin Street Dodger.png,2,,,,,,
121,common,green,Axebane Beast,rna-jas,https://raw.githubusercontent.com/jakobmattsson/mtg-cards/master/images/rna/Axebane Beast.png,1.5,,,,,,
122,mythic,green,Biogenic Ooze,rna-jas,https://raw.githubusercontent.com/jakobmattsson/mtg-cards/master/images/rna/Biogenic Ooze.png,4,,,,,,
123,uncommon,green,Biogenic Upgrade,rna-jas,https://raw.githubusercontent.com/jakobmattsson/mtg-cards/master/images/rna/Biogenic Upgrade.png,3,,,,,,
124,rare,green,End-Raze Forerunners,rna-jas,https://raw.githubusercontent.com/jakobmattsson/mtg-cards/master/images/rna/End-Raze Forerunners.png,2.5,,,,,,
125,uncommon,green,Enraged Ceratok,rna-jas,https://raw.githubusercontent.com/jakobmattsson/mtg-cards/master/images/rna/Enraged Ceratok.png,3.5,,,,,,
126,uncommon,green,Gatebreaker Ram,rna-jas,https://raw.githubusercontent.com/jakobmattsson/mtg-cards/master/images/rna/Gatebreaker Ram.png,3,,,,,,
127,common,green,Gift of Strength,rna-jas,https://raw.githubusercontent.com/jakobmattsson/mtg-cards/master/images/rna/Gift of Strength.png,2,,,,,,
128,rare,green,Growth-Chamber Guardian,rna-jas,https://raw.githubusercontent.com/jakobmattsson/mtg-cards/master/images/rna/Growth-Chamber Guardian.png,3.5,,,,,,
129,uncommon,green,Gruul Beastmaster,rna-jas,https://raw.githubusercontent.com/jakobmattsson/mtg-cards/master/images/rna/Gruul Beastmaster.png,3,,,,,,
130,rare,green,Guardian Project,rna-jas,https://raw.githubusercontent.com/jakobmattsson/mtg-cards/master/images/rna/Guardian Project.png,3.5,,,,,,
131,rare,green,Incubation Druid,rna-jas,https://raw.githubusercontent.com/jakobmattsson/mtg-cards/master/images/rna/Incubation Druid.png,4,,,,,,
132,common,green,Mammoth Spider,rna-jas,https://raw.githubusercontent.com/jakobmattsson/mtg-cards/master/images/rna/Mammoth Spider.png,3,,,,,,
133,common,green,Open the Gates,rna-jas,https://raw.githubusercontent.com/jakobmattsson/mtg-cards/master/images/rna/Open the Gates.png,2,,,,,,
134,rare,green,Rampage of the Clans,rna-jas,https://raw.githubusercontent.com/jakobmattsson/mtg-cards/master/images/rna/Rampage of the Clans.png,0.5,,,,,,
135,common,green,Rampaging Rendhorn,rna-jas,https://raw.githubusercontent.com/jakobmattsson/mtg-cards/master/images/rna/Rampaging Rendhorn.png,3,,,,,,
136,uncommon,green,Regenesis,rna-jas,https://raw.githubusercontent.com/jakobmattsson/mtg-cards/master/images/rna/Regenesis.png,2.5,,,,,,
137,common,green,Root Snare,rna-jas,https://raw.githubusercontent.com/jakobmattsson/mtg-cards/master/images/rna/Root Snare.png,0.5,,,,,,
138,common,green,Sagittars' Volley,rna-jas,https://raw.githubusercontent.com/jakobmattsson/mtg-cards/master/images/rna/Sagittars' Volley.png,0.5,,,,,,
139,common,green,Saruli Caretaker,rna-jas,https://raw.githubusercontent.com/jakobmattsson/mtg-cards/master/images/rna/Saruli Caretaker.png,3,,,,,,
140,common,green,Sauroform Hybrid,rna-jas,https://raw.githubusercontent.com/jakobmattsson/mtg-cards/master/images/rna/Sauroform Hybrid.png,2.5,,,,,,
141,uncommon,green,Silhana Wayfinder,rna-jas,https://raw.githubusercontent.com/jakobmattsson/mtg-cards/master/images/rna/Silhana Wayfinder.png,3,,,,,,
142,common,green,Steeple Creeper,rna-jas,https://raw.githubusercontent.com/jakobmattsson/mtg-cards/master/images/rna/Steeple Creeper.png,2,,,,,,
143,common,green,Stony Strength,rna-jas,https://raw.githubusercontent.com/jakobmattsson/mtg-cards/master/images/rna/Stony Strength.png,1.5,,,,,,
144,common,green,Sylvan Brushstrider,rna-jas,https://raw.githubusercontent.com/jakobmattsson/mtg-cards/master/images/rna/Sylvan Brushstrider.png,2,,,,,,
145,common,green,Territorial Boar,rna-jas,https://raw.githubusercontent.com/jakobmattsson/mtg-cards/master/images/rna/Territorial Boar.png,2,,,,,,
146,common,green,Titanic Brawl,rna-jas,https://raw.githubusercontent.com/jakobmattsson/mtg-cards/master/images/rna/Titanic Brawl.png,1.5,,,,,,
147,uncommon,green,Tower Defense,rna-jas,https://raw.githubusercontent.com/jakobmattsson/mtg-cards/master/images/rna/Tower Defense.png,3,,,,,,
148,uncommon,green,Trollbred Guardian,rna-jas,https://raw.githubusercontent.com/jakobmattsson/mtg-cards/master/images/rna/Trollbred Guardian.png,3.5,,,,,,
149,uncommon,green,Wilderness Reclamation,rna-jas,https://raw.githubusercontent.com/jakobmattsson/mtg-cards/master/images/rna/Wilderness Reclamation.png,4,,,,,,
150,common,green,Wrecking Beast,rna-jas,https://raw.githubusercontent.com/jakobmattsson/mtg-cards/master/images/rna/Wrecking Beast.png,3,,,,,,
151,rare,white+blue,Absorb,rna-jas,https://raw.githubusercontent.com/jakobmattsson/mtg-cards/master/images/rna/Absorb.png,2,,,,,,
152,common,green+blue,Aeromunculus,rna-jas,https://raw.githubusercontent.com/jakobmattsson/mtg-cards/master/images/rna/Aeromunculus.png,3,,,,,,
153,common,green+blue,Applied Biomancy,rna-jas,https://raw.githubusercontent.com/jakobmattsson/mtg-cards/master/images/rna/Applied Biomancy.png,2.5,,,,,,
154,common,white+blue,Azorius Knight-Arbiter,rna-jas,https://raw.githubusercontent.com/jakobmattsson/mtg-cards/master/images/rna/Azorius Knight-Arbiter.png,3,,,,,,
155,uncommon,white+blue,Azorius Skyguard,rna-jas,https://raw.githubusercontent.com/jakobmattsson/mtg-cards/master/images/rna/Azorius Skyguard.png,3,,,,,,
156,uncommon,white+black,Basilica Bell-Haunt,rna-jas,https://raw.githubusercontent.com/jakobmattsson/mtg-cards/master/images/rna/Basilica Bell-Haunt.png,3.5,,,,,,
157,rare,black+red,Bedevil,rna-jas,https://raw.githubusercontent.com/jakobmattsson/mtg-cards/master/images/rna/Bedevil.png,4,,,,,,
158,rare,green+blue,Biomancer's Familiar,rna-jas,https://raw.githubusercontent.com/jakobmattsson/mtg-cards/master/images/rna/Biomancer's Familiar.png,4,,,,,,
159,uncommon,red+green,Bolrac-Clan Crusher,rna-jas,https://raw.githubusercontent.com/jakobmattsson/mtg-cards/master/images/rna/Bolrac-Clan Crusher.png,3.5,,,,,,
160,mythic,black+red,Captive Audience,rna-jas,https://raw.githubusercontent.com/jakobmattsson/mtg-cards/master/images/rna/Captive Audience.png,4,,,,,,
161,rare,red+green,Cindervines,rna-jas,https://raw.githubusercontent.com/jakobmattsson/mtg-cards/master/images/rna/Cindervines.png,0.5,,,,,,
162,uncommon,red+green,Clan Guildmage,rna-jas,https://raw.githubusercontent.com/jakobmattsson/mtg-cards/master/images/rna/Clan Guildmage.png,3,,,,,,
163,uncommon,green+blue,Combine Guildmage,rna-jas,https://raw.githubusercontent.com/jakobmattsson/mtg-cards/master/images/rna/Combine Guildmage.png,4,,,,,,
164,uncommon,black+red,Cult Guildmage,rna-jas,https://raw.githubusercontent.com/jakobmattsson/mtg-cards/master/images/rna/Cult Guildmage.png,3.5,,,,,,
165,rare,white+blue,Deputy of Detention,rna-jas,https://raw.githubusercontent.com/jakobmattsson/mtg-cards/master/images/rna/Deputy of Detention.png,3.5,,,,,,
166,mythic,red+green,"Domri, Chaos Bringer",rna-jas,"https://raw.githubusercontent.com/jakobmattsson/mtg-cards/master/images/rna/Domri, Chaos Bringer.png",4.5,,,,,,
167,uncommon,white+blue,Dovin's Acuity,rna-jas,https://raw.githubusercontent.com/jakobmattsson/mtg-cards/master/images/rna/Dovin's Acuity.png,1,,,,,,
168,mythic,white+blue,"Dovin, Grand Arbiter",rna-jas,"https://raw.githubusercontent.com/jakobmattsson/mtg-cards/master/images/rna/Dovin, Grand Arbiter.png",4,,,,,,
169,mythic,white+blue,Emergency Powers,rna-jas,https://raw.githubusercontent.com/jakobmattsson/mtg-cards/master/images/rna/Emergency Powers.png,3,,,,,,
170,rare,white+black,Ethereal Absolution,rna-jas,https://raw.githubusercontent.com/jakobmattsson/mtg-cards/master/images/rna/Ethereal Absolution.png,4,,,,,,
171,common,white+black,Final Payment,rna-jas,https://raw.githubusercontent.com/jakobmattsson/mtg-cards/master/images/rna/Final Payment.png,3,,,,,,
172,uncommon,black+red,Fireblade Artist,rna-jas,https://raw.githubusercontent.com/jakobmattsson/mtg-cards/master/images/rna/Fireblade Artist.png,2,,,,,,
173,common,red+green,Frenzied Arynx,rna-jas,https://raw.githubusercontent.com/jakobmattsson/mtg-cards/master/images/rna/Frenzied Arynx.png,2.5,,,,,,
174,uncommon,green+blue,Frilled Mystic,rna-jas,https://raw.githubusercontent.com/jakobmattsson/mtg-cards/master/images/rna/Frilled Mystic.png,3.5,,,,,,
175,uncommon,green+blue,Galloping Lizrog,rna-jas,https://raw.githubusercontent.com/jakobmattsson/mtg-cards/master/images/rna/Galloping Lizrog.png,3.5,,,,,,
176,common,black+red,Get the Point,rna-jas,https://raw.githubusercontent.com/jakobmattsson/mtg-cards/master/images/rna/Get the Point.png,3.5,,,,,,
177,common,white+black,Grasping Thrull,rna-jas,https://raw.githubusercontent.com/jakobmattsson/mtg-cards/master/images/rna/Grasping Thrull.png,3,,,,,,
178,common,green+blue,Growth Spiral,rna-jas,https://raw.githubusercontent.com/jakobmattsson/mtg-cards/master/images/rna/Growth Spiral.png,2.5,,,,,,
179,rare,red+green,Gruul Spellbreaker,rna-jas,https://raw.githubusercontent.com/jakobmattsson/mtg-cards/master/images/rna/Gruul Spellbreaker.png,4,,,,,,
180,uncommon,green+blue,Gyre Engineer,rna-jas,https://raw.githubusercontent.com/jakobmattsson/mtg-cards/master/images/rna/Gyre Engineer.png,3.5,,,,,,
181,uncommon,black+red,Hackrobat,rna-jas,https://raw.githubusercontent.com/jakobmattsson/mtg-cards/master/images/rna/Hackrobat.png,3,,,,,,
182,uncommon,white+blue,High Alert,rna-jas,https://raw.githubusercontent.com/jakobmattsson/mtg-cards/master/images/rna/High Alert.png,1,,,,,,
183,mythic,green+blue,Hydroid Krasis,rna-jas,https://raw.githubusercontent.com/jakobmattsson/mtg-cards/master/images/rna/Hydroid Krasis.png,5,,,,,,
184,common,white+black,Imperious Oligarch,rna-jas,https://raw.githubusercontent.com/jakobmattsson/mtg-cards/master/images/rna/Imperious Oligarch.png,2.5,,,,,,
185,rare,black+red,"Judith, the Scourge Diva",rna-jas,"https://raw.githubusercontent.com/jakobmattsson/mtg-cards/master/images/rna/Judith, the Scourge Diva.png",3.5,,,,,,
186,mythic,white+black,Kaya's Wrath,rna-jas,https://raw.githubusercontent.com/jakobmattsson/mtg-cards/master/images/rna/Kaya's Wrath.png,3.5,,,,,,
187,rare,white+black,"Kaya, Orzhov Usurper",rna-jas,"https://raw.githubusercontent.com/jakobmattsson/mtg-cards/master/images/rna/Kaya, Orzhov Usurper.png",3.5,,,,,,
188,uncommon,white+black,Knight of the Last Breath,rna-jas,https://raw.githubusercontent.com/jakobmattsson/mtg-cards/master/images/rna/Knight of the Last Breath.png,2.5,,,,,,
189,rare,white+blue,"Lavinia, Azorius Renegade",rna-jas,"https://raw.githubusercontent.com/jakobmattsson/mtg-cards/master/images/rna/Lavinia, Azorius Renegade.png",1,,,,,,
190,common,white+blue,Lawmage's Binding,rna-jas,https://raw.githubusercontent.com/jakobmattsson/mtg-cards/master/images/rna/Lawmage's Binding.png,3,,,,,,
191,uncommon,black+red,Macabre Mockery,rna-jas,https://raw.githubusercontent.com/jakobmattsson/mtg-cards/master/images/rna/Macabre Mockery.png,2.5,,,,,,
192,uncommon,white+black,Mortify,rna-jas,https://raw.githubusercontent.com/jakobmattsson/mtg-cards/master/images/rna/Mortify.png,4,,,,,,
193,rare,red+green,Nikya of the Old Ways,rna-jas,https://raw.githubusercontent.com/jakobmattsson/mtg-cards/master/images/rna/Nikya of the Old Ways.png,4,,,,,,
194,uncommon,white+black,Pitiless Pontiff,rna-jas,https://raw.githubusercontent.com/jakobmattsson/mtg-cards/master/images/rna/Pitiless Pontiff.png,3,,,,,,
195,mythic,green+blue,Prime Speaker Vannifar,rna-jas,https://raw.githubusercontent.com/jakobmattsson/mtg-cards/master/images/rna/Prime Speaker Vannifar.png,4,,,,,,
196,common,black+red,Rafter Demon,rna-jas,https://raw.githubusercontent.com/jakobmattsson/mtg-cards/master/images/rna/Rafter Demon.png,2.5,,,,,,
197,uncommon,black+red,Rakdos Firewheeler,rna-jas,https://raw.githubusercontent.com/jakobmattsson/mtg-cards/master/images/rna/Rakdos Firewheeler.png,3.5,,,,,,
198,common,black+red,Rakdos Roustabout,rna-jas,https://raw.githubusercontent.com/jakobmattsson/mtg-cards/master/images/rna/Rakdos Roustabout.png,2.5,,,,,,
199,mythic,black+red,"Rakdos, the Showstopper",rna-jas,"https://raw.githubusercontent.com/jakobmattsson/mtg-cards/master/images/rna/Rakdos, the Showstopper.png",5,,,,,,
200,mythic,red+green,Ravager Wurm,rna-jas,https://raw.githubusercontent.com/jakobmattsson/mtg-cards/master/images/rna/Ravager Wurm.png,4,,,,,,
201,uncommon,red+green,Rhythm of the Wild,rna-jas,https://raw.githubusercontent.com/jakobmattsson/mtg-cards/master/images/rna/Rhythm of the Wild.png,4,,,,,,
202,common,red+green,Rubblebelt Runner,rna-jas,https://raw.githubusercontent.com/jakobmattsson/mtg-cards/master/images/rna/Rubblebelt Runner.png,2,,,,,,
203,common,red+green,Savage Smash,rna-jas,https://raw.githubusercontent.com/jakobmattsson/mtg-cards/master/images/rna/Savage Smash.png,3,,,,,,
204,uncommon,white+blue,Senate Guildmage,rna-jas,https://raw.githubusercontent.com/jakobmattsson/mtg-cards/master/images/rna/Senate Guildmage.png,3.5,,,,,,
205,mythic,white+black,Seraph of the Scales,rna-jas,https://raw.githubusercontent.com/jakobmattsson/mtg-cards/master/images/rna/Seraph of the Scales.png,4,,,,,,
206,uncommon,green+blue,Sharktocrab,rna-jas,https://raw.githubusercontent.com/jakobmattsson/mtg-cards/master/images/rna/Sharktocrab.png,3,,,,,,
207,rare,green+blue,Simic Ascendancy,rna-jas,https://raw.githubusercontent.com/jakobmattsson/mtg-cards/master/images/rna/Simic Ascendancy.png,3.5,,,,,,
208,uncommon,white+blue,Sphinx of New Prahv,rna-jas,https://raw.githubusercontent.com/jakobmattsson/mtg-cards/master/images/rna/Sphinx of New Prahv.png,3.5,,,,,,
209,common,white+blue,Sphinx's Insight,rna-jas,https://raw.githubusercontent.com/jakobmattsson/mtg-cards/master/images/rna/Sphinx's Insight.png,3,,,,,,
210,uncommon,red+green,Sunder Shaman,rna-jas,https://raw.githubusercontent.com/jakobmattsson/mtg-cards/master/images/rna/Sunder Shaman.png,4,,,,,,
211,uncommon,white+black,Syndicate Guildmage,rna-jas,https://raw.githubusercontent.com/jakobmattsson/mtg-cards/master/images/rna/Syndicate Guildmage.png,3,,,,,,
212,rare,white+black,Teysa Karlov,rna-jas,https://raw.githubusercontent.com/jakobmattsson/mtg-cards/master/images/rna/Teysa Karlov.png,4,,,,,,
213,rare,black+red,Theater of Horrors,rna-jas,https://raw.githubusercontent.com/jakobmattsson/mtg-cards/master/images/rna/Theater of Horrors.png,4,,,,,,
214,rare,green+blue,"Zegana, Utopian Speaker",rna-jas,"https://raw.githubusercontent.com/jakobmattsson/mtg-cards/master/images/rna/Zegana, Utopian Speaker.png",4,,,,,,
215,uncommon,red+green,Zhur-Taa Goblin,rna-jas,https://raw.githubusercontent.com/jakobmattsson/mtg-cards/master/images/rna/Zhur-Taa Goblin.png,2.5,,,,,,
216,common,black-red,Footlight Fiend,rna-jas,https://raw.githubusercontent.com/jakobmattsson/mtg-cards/master/images/rna/Footlight Fiend.png,1.5,,,,,,
217,common,red-green,Rubble Slinger,rna-jas,https://raw.githubusercontent.com/jakobmattsson/mtg-cards/master/images/rna/Rubble Slinger.png,2,,,,,,
218,common,green-blue,Scuttlegator,rna-jas,https://raw.githubusercontent.com/jakobmattsson/mtg-cards/master/images/rna/Scuttlegator.png,2,,,,,,
219,common,white-blue,Senate Griffin,rna-jas,https://raw.githubusercontent.com/jakobmattsson/mtg-cards/master/images/rna/Senate Griffin.png,3,,,,,,
220,common,white-black,Vizkopa Vampire,rna-jas,https://raw.githubusercontent.com/jakobmattsson/mtg-cards/master/images/rna/Vizkopa Vampire.png,1.5,,,,,,
221,rare,black-red,Bedeck -- Bedazzle,rna-jas,https://raw.githubusercontent.com/jakobmattsson/mtg-cards/master/images/rna/Bedeck -- Bedazzle.png,3,,,,,,
222,uncommon,black-red,Carnival -- Carnage,rna-jas,https://raw.githubusercontent.com/jakobmattsson/mtg-cards/master/images/rna/Carnival -- Carnage.png,3,,,,,,
223,uncommon,red-green,Collision -- Colossus,rna-jas,https://raw.githubusercontent.com/jakobmattsson/mtg-cards/master/images/rna/Collision -- Colossus.png,3,,,,,,
224,uncommon,white-black,Consecrate -- Consume,rna-jas,https://raw.githubusercontent.com/jakobmattsson/mtg-cards/master/images/rna/Consecrate -- Consume.png,3,,,,,,
225,uncommon,white-blue,Depose -- Deploy,rna-jas,https://raw.githubusercontent.com/jakobmattsson/mtg-cards/master/images/rna/Depose -- Deploy.png,2.5,,,,,,
226,uncommon,green-blue,Incubation -- Incongruity,rna-jas,https://raw.githubusercontent.com/jakobmattsson/mtg-cards/master/images/rna/Incubation -- Incongruity.png,4,,,,,,
227,rare,green-blue,Repudiate -- Replicate,rna-jas,https://raw.githubusercontent.com/jakobmattsson/mtg-cards/master/images/rna/Repudiate -- Replicate.png,4,,,,,,
228,rare,white-black,Revival -- Revenge,rna-jas,https://raw.githubusercontent.com/jakobmattsson/mtg-cards/master/images/rna/Revival -- Revenge.png,3.5,,,,,,
229,rare,red-green,Thrash -- Threat,rna-jas,https://raw.githubusercontent.com/jakobmattsson/mtg-cards/master/images/rna/Thrash -- Threat.png,4,,,,,,
230,rare,white-blue,Warrant -- Warden,rna-jas,https://raw.githubusercontent.com/jakobmattsson/mtg-cards/master/images/rna/Warrant -- Warden.png,4,,,,,,
231,common,artifact,Azorius Locket,rna-jas,https://raw.githubusercontent.com/jakobmattsson/mtg-cards/master/images/rna/Azorius Locket.png,2,,,,,,
232,uncommon,artifact,Gate Colossus,rna-jas,https://raw.githubusercontent.com/jakobmattsson/mtg-cards/master/images/rna/Gate Colossus.png,1,,,,,,
233,rare,artifact,Glass of the Guildpact,rna-jas,https://raw.githubusercontent.com/jakobmattsson/mtg-cards/master/images/rna/Glass of the Guildpact.png,1,,,,,,
234,common,artifact,Gruul Locket,rna-jas,https://raw.githubusercontent.com/jakobmattsson/mtg-cards/master/images/rna/Gruul Locket.png,2,,,,,,
235,uncommon,artifact,Junktroller,rna-jas,https://raw.githubusercontent.com/jakobmattsson/mtg-cards/master/images/rna/Junktroller.png,1.5,,,,,,
236,common,artifact,Orzhov Locket,rna-jas,https://raw.githubusercontent.com/jakobmattsson/mtg-cards/master/images/rna/Orzhov Locket.png,2,,,,,,
237,common,artifact,Rakdos Locket,rna-jas,https://raw.githubusercontent.com/jakobmattsson/mtg-cards/master/images/rna/Rakdos Locket.png,2,,,,,,
238,uncommon,artifact,Scrabbling Claws,rna-jas,https://raw.githubusercontent.com/jakobmattsson/mtg-cards/master/images/rna/Scrabbling Claws.png,0.5,,,,,,
239,uncommon,artifact,Screaming Shield,rna-jas,https://raw.githubusercontent.com/jakobmattsson/mtg-cards/master/images/rna/Screaming Shield.png,1.5,,,,,,
240,common,artifact,Simic Locket,rna-jas,https://raw.githubusercontent.com/jakobmattsson/mtg-cards/master/images/rna/Simic Locket.png,2,,,,,,
241,uncommon,artifact,Sphinx of the Guildpact,rna-jas,https://raw.githubusercontent.com/jakobmattsson/mtg-cards/master/images/rna/Sphinx of the Guildpact.png,3,,,,,,
242,rare,artifact,Tome of the Guildpact,rna-jas,https://raw.githubusercontent.com/jakobmattsson/mtg-cards/master/images/rna/Tome of the Guildpact.png,2.5,,,,,,
243,common,land,Azorius Guildgate,rna-jas,https://raw.githubusercontent.com/jakobmattsson/mtg-cards/master/images/rna/Azorius Guildgate.png,2.5,,,,,,
245,rare,land,Blood Crypt,rna-jas,https://raw.githubusercontent.com/jakobmattsson/mtg-cards/master/images/rna/Blood Crypt.png,2.5,,,,,,
246,rare,land,Breeding Pool,rna-jas,https://raw.githubusercontent.com/jakobmattsson/mtg-cards/master/images/rna/Breeding Pool.png,2.5,,,,,,
247,common,land,Gateway Plaza,rna-jas,https://raw.githubusercontent.com/jakobmattsson/mtg-cards/master/images/rna/Gateway Plaza.png,2.5,,,,,,
248,rare,land,Godless Shrine,rna-jas,https://raw.githubusercontent.com/jakobmattsson/mtg-cards/master/images/rna/Godless Shrine.png,2.5,,,,,,
249,common,land,Gruul Guildgate,rna-jas,https://raw.githubusercontent.com/jakobmattsson/mtg-cards/master/images/rna/Gruul Guildgate.png,2.5,,,,,,
251,rare,land,Hallowed Fountain,rna-jas,https://raw.githubusercontent.com/jakobmattsson/mtg-cards/master/images/rna/Hallowed Fountain.png,2.5,,,,,,
252,common,land,Orzhov Guildgate,rna-jas,https://raw.githubusercontent.com/jakobmattsson/mtg-cards/master/images/rna/Orzhov Guildgate.png,2.5,,,,,,
254,rare,land,Plaza of Harmony,rna-jas,https://raw.githubusercontent.com/jakobmattsson/mtg-cards/master/images/rna/Plaza of Harmony.png,2.5,,,,,,
255,common,land,Rakdos Guildgate,rna-jas,https://raw.githubusercontent.com/jakobmattsson/mtg-cards/master/images/rna/Rakdos Guildgate.png,2.5,,,,,,
257,common,land,Simic Guildgate,rna-jas,https://raw.githubusercontent.com/jakobmattsson/mtg-cards/master/images/rna/Simic Guildgate.png,2.5,,,,,,
259,rare,land,Stomping Ground,rna-jas,https://raw.githubusercontent.com/jakobmattsson/mtg-cards/master/images/rna/Stomping Ground.png,2.5,,,,,,
