title,color,lowScore,highScore,set,rarity,instant,removal,face,fixing,imageUrl
Aethersnipe,blue,0,,uma,common,,removal,,,https://raw.githubusercontent.com/jakobmattsson/mtg-cards/master/images/uma/Aethersnipe.png
Akroan Crusader,red,0,,uma,common,,,,,https://raw.githubusercontent.com/jakobmattsson/mtg-cards/master/images/uma/Akroan Crusader.png
All Is Dust,artifact,0,,uma,rare,,removal,,,https://raw.githubusercontent.com/jakobmattsson/mtg-cards/master/images/uma/All Is Dust.png
Ancestor's Chosen,white,0,,uma,uncommon,,,,,https://raw.githubusercontent.com/jakobmattsson/mtg-cards/master/images/uma/Ancestor's Chosen.png
Ancient Tomb,land,4,,uma,rare,,,,,https://raw.githubusercontent.com/jakobmattsson/mtg-cards/master/images/uma/Ancient Tomb.png
Angel of Despair,white+black,0,,uma,uncommon,,removal,,,https://raw.githubusercontent.com/jakobmattsson/mtg-cards/master/images/uma/Angel of Despair.png
Angelic Renewal,white,0,,uma,common,,,,,https://raw.githubusercontent.com/jakobmattsson/mtg-cards/master/images/uma/Angelic Renewal.png
Anger,red,0,,uma,uncommon,,,face,,https://raw.githubusercontent.com/jakobmattsson/mtg-cards/master/images/uma/Anger.png
Appetite for Brains,black,0,,uma,uncommon,,,,,https://raw.githubusercontent.com/jakobmattsson/mtg-cards/master/images/uma/Appetite for Brains.png
Apprentice Necromancer,black,0,,uma,uncommon,,,,,https://raw.githubusercontent.com/jakobmattsson/mtg-cards/master/images/uma/Apprentice Necromancer.png
Archaeomancer,blue,0,,uma,common,,,,,https://raw.githubusercontent.com/jakobmattsson/mtg-cards/master/images/uma/Archaeomancer.png
Arena Athlete,red,0,,uma,common,,,,,https://raw.githubusercontent.com/jakobmattsson/mtg-cards/master/images/uma/Arena Athlete.png
Artisan of Kozilek,artifact,0,,uma,uncommon,,,,,https://raw.githubusercontent.com/jakobmattsson/mtg-cards/master/images/uma/Artisan of Kozilek.png
Back to Basics,blue,0,,uma,rare,,,,,https://raw.githubusercontent.com/jakobmattsson/mtg-cards/master/images/uma/Back to Basics.png
Balefire Dragon,red,4.5,,uma,mythic,,,,,https://raw.githubusercontent.com/jakobmattsson/mtg-cards/master/images/uma/Balefire Dragon.png
Basking Rootwalla,green,0,,uma,common,,,,,https://raw.githubusercontent.com/jakobmattsson/mtg-cards/master/images/uma/Basking Rootwalla.png
Beckon Apparition,white+black,0,,uma,common,instant,,,,https://raw.githubusercontent.com/jakobmattsson/mtg-cards/master/images/uma/Beckon Apparition.png
Become Immense,green,0,,uma,uncommon,instant,,,,https://raw.githubusercontent.com/jakobmattsson/mtg-cards/master/images/uma/Become Immense.png
Bitterblossom,black,5,,uma,mythic,,,,,https://raw.githubusercontent.com/jakobmattsson/mtg-cards/master/images/uma/Bitterblossom.png
Blast of Genius,red+blue,0,,uma,uncommon,,removal,face,,https://raw.githubusercontent.com/jakobmattsson/mtg-cards/master/images/uma/Blast of Genius.png
Bloodflow Connoisseur,black,0,,uma,common,,,,,https://raw.githubusercontent.com/jakobmattsson/mtg-cards/master/images/uma/Bloodflow Connoisseur.png
Boar Umbra,green,0,,uma,uncommon,,,,,https://raw.githubusercontent.com/jakobmattsson/mtg-cards/master/images/uma/Boar Umbra.png
Boneyard Wurm,green,0,,uma,uncommon,,,,,https://raw.githubusercontent.com/jakobmattsson/mtg-cards/master/images/uma/Boneyard Wurm.png
Brawn,green,0,,uma,uncommon,,,,,https://raw.githubusercontent.com/jakobmattsson/mtg-cards/master/images/uma/Brawn.png
Brazen Scourge,red,0,,uma,uncommon,,,face,,https://raw.githubusercontent.com/jakobmattsson/mtg-cards/master/images/uma/Brazen Scourge.png
Bridge from Below,black,0,,uma,rare,,,,,https://raw.githubusercontent.com/jakobmattsson/mtg-cards/master/images/uma/Bridge from Below.png
Buried Alive,black,0,,uma,uncommon,,,,,https://raw.githubusercontent.com/jakobmattsson/mtg-cards/master/images/uma/Buried Alive.png
Canker Abomination,black-green,0,,uma,common,,,,,https://raw.githubusercontent.com/jakobmattsson/mtg-cards/master/images/uma/Canker Abomination.png
Cathodion,artifact,0,,uma,common,,,,,https://raw.githubusercontent.com/jakobmattsson/mtg-cards/master/images/uma/Cathodion.png
Cavern of Souls,land,0,,uma,mythic,,,,fixing,https://raw.githubusercontent.com/jakobmattsson/mtg-cards/master/images/uma/Cavern of Souls.png
Celestial Colonnade,land,4,,uma,rare,,,,,https://raw.githubusercontent.com/jakobmattsson/mtg-cards/master/images/uma/Celestial Colonnade.png
Chainer's Edict,black,3.5,,uma,uncommon,,removal,,,https://raw.githubusercontent.com/jakobmattsson/mtg-cards/master/images/uma/Chainer's Edict.png
Circular Logic,blue,0,,uma,uncommon,instant,,,,https://raw.githubusercontent.com/jakobmattsson/mtg-cards/master/images/uma/Circular Logic.png
Conflagrate,red,0,,uma,uncommon,,,face,,https://raw.githubusercontent.com/jakobmattsson/mtg-cards/master/images/uma/Conflagrate.png
Containment Priest,white,0,,uma,rare,instant,,,,https://raw.githubusercontent.com/jakobmattsson/mtg-cards/master/images/uma/Containment Priest.png
Conviction,white,0,,uma,common,,xxx,xx,xx,https://raw.githubusercontent.com/jakobmattsson/mtg-cards/master/images/uma/Conviction.png
Countersquall,blue+black,0,,uma,uncommon,instant,,,,https://raw.githubusercontent.com/jakobmattsson/mtg-cards/master/images/uma/Countersquall.png
Creeping Tar Pit,land,0,,uma,rare,,,,,https://raw.githubusercontent.com/jakobmattsson/mtg-cards/master/images/uma/Creeping Tar Pit.png
Crow of Dark Tidings,black,0,,uma,common,,,,,https://raw.githubusercontent.com/jakobmattsson/mtg-cards/master/images/uma/Crow of Dark Tidings.png
Crushing Canopy,green,0,,uma,common,instant,,,,https://raw.githubusercontent.com/jakobmattsson/mtg-cards/master/images/uma/Crushing Canopy.png
Dakmor Salvage,land,0,,uma,uncommon,,,,,https://raw.githubusercontent.com/jakobmattsson/mtg-cards/master/images/uma/Dakmor Salvage.png
Dark Dabbling,black,0,,uma,common,instant,,,,https://raw.githubusercontent.com/jakobmattsson/mtg-cards/master/images/uma/Dark Dabbling.png
Dark Depths,land,0,,uma,mythic,,,,,https://raw.githubusercontent.com/jakobmattsson/mtg-cards/master/images/uma/Dark Depths.png
Dawn Charm,white,0,,uma,uncommon,instant,,,,https://raw.githubusercontent.com/jakobmattsson/mtg-cards/master/images/uma/Dawn Charm.png
Daybreak Coronet,white,0,,uma,rare,,,,,https://raw.githubusercontent.com/jakobmattsson/mtg-cards/master/images/uma/Daybreak Coronet.png
Death Denied,black,0,,uma,common,instant,,,,https://raw.githubusercontent.com/jakobmattsson/mtg-cards/master/images/uma/Death Denied.png
Defy Gravity,blue,0,,uma,common,instant,,,,https://raw.githubusercontent.com/jakobmattsson/mtg-cards/master/images/uma/Defy Gravity.png
Demonic Tutor,black,4,,uma,rare,,,,,https://raw.githubusercontent.com/jakobmattsson/mtg-cards/master/images/uma/Demonic Tutor.png
Deranged Assistant,blue,0,,uma,common,,,,,https://raw.githubusercontent.com/jakobmattsson/mtg-cards/master/images/uma/Deranged Assistant.png
Desolate Lighthouse,land,0,,uma,rare,,,,,https://raw.githubusercontent.com/jakobmattsson/mtg-cards/master/images/uma/Desolate Lighthouse.png
Desperate Ritual,red,0,,uma,uncommon,instant,,,,https://raw.githubusercontent.com/jakobmattsson/mtg-cards/master/images/uma/Desperate Ritual.png
Devoted Druid,green,0,,uma,uncommon,,,,,https://raw.githubusercontent.com/jakobmattsson/mtg-cards/master/images/uma/Devoted Druid.png
Dig Through Time,blue,4,,uma,rare,instant,,,,https://raw.githubusercontent.com/jakobmattsson/mtg-cards/master/images/uma/Dig Through Time.png
Dimir Guildmage,blue-black,0,,uma,common,,,,,https://raw.githubusercontent.com/jakobmattsson/mtg-cards/master/images/uma/Dimir Guildmage.png
Disrupting Shoal,blue,0,,uma,rare,instant,,,,https://raw.githubusercontent.com/jakobmattsson/mtg-cards/master/images/uma/Disrupting Shoal.png
Double Cleave,red-white,0,,uma,common,instant,,,,https://raw.githubusercontent.com/jakobmattsson/mtg-cards/master/images/uma/Double Cleave.png
Dreamscape Artist,blue,0,,uma,uncommon,,,,,https://raw.githubusercontent.com/jakobmattsson/mtg-cards/master/images/uma/Dreamscape Artist.png
Eel Umbra,blue,0,,uma,common,,,,,https://raw.githubusercontent.com/jakobmattsson/mtg-cards/master/images/uma/Eel Umbra.png
Eldrazi Conscription,artifact,0,,uma,rare,,,,,https://raw.githubusercontent.com/jakobmattsson/mtg-cards/master/images/uma/Eldrazi Conscription.png
Emancipation Angel,white,4,,uma,uncommon,,,,,https://raw.githubusercontent.com/jakobmattsson/mtg-cards/master/images/uma/Emancipation Angel.png
"Emrakul, the Aeons Torn",artifact,0,,uma,mythic,,,,,"https://raw.githubusercontent.com/jakobmattsson/mtg-cards/master/images/uma/Emrakul, the Aeons Torn.png"
Engineered Explosives,artifact,0,,uma,rare,,,,,https://raw.githubusercontent.com/jakobmattsson/mtg-cards/master/images/uma/Engineered Explosives.png
Entomb,black,0,,uma,rare,instant,,,,https://raw.githubusercontent.com/jakobmattsson/mtg-cards/master/images/uma/Entomb.png
Eternal Witness,green,0,,uma,uncommon,,,,,https://raw.githubusercontent.com/jakobmattsson/mtg-cards/master/images/uma/Eternal Witness.png
Faith's Fetters,white,4,,uma,common,,,,,https://raw.githubusercontent.com/jakobmattsson/mtg-cards/master/images/uma/Faith's Fetters.png
Faithless Looting,red,0,,uma,common,,,,,https://raw.githubusercontent.com/jakobmattsson/mtg-cards/master/images/uma/Faithless Looting.png
Fauna Shaman,green,4,,uma,rare,,,,,https://raw.githubusercontent.com/jakobmattsson/mtg-cards/master/images/uma/Fauna Shaman.png
Fecundity,green,0,,uma,uncommon,,,,,https://raw.githubusercontent.com/jakobmattsson/mtg-cards/master/images/uma/Fecundity.png
Fiend Hunter,white,4,,uma,uncommon,,,,,https://raw.githubusercontent.com/jakobmattsson/mtg-cards/master/images/uma/Fiend Hunter.png
Fiery Temper,red,0,,uma,common,instant,,,,https://raw.githubusercontent.com/jakobmattsson/mtg-cards/master/images/uma/Fiery Temper.png
Fire -- Ice,red-blue,0,,uma,common,instant,,,,https://raw.githubusercontent.com/jakobmattsson/mtg-cards/master/images/uma/Fire -- Ice.png
Firewing Phoenix,red,0,,uma,uncommon,,,,,https://raw.githubusercontent.com/jakobmattsson/mtg-cards/master/images/uma/Firewing Phoenix.png
Flagstones of Trokair,land,0,,uma,rare,,,,,https://raw.githubusercontent.com/jakobmattsson/mtg-cards/master/images/uma/Flagstones of Trokair.png
Flight of Fancy,blue,0,,uma,common,,,,,https://raw.githubusercontent.com/jakobmattsson/mtg-cards/master/images/uma/Flight of Fancy.png
Foil,blue,0,,uma,common,instant,,,,https://raw.githubusercontent.com/jakobmattsson/mtg-cards/master/images/uma/Foil.png
Forbidden Alchemy,blue,0,,uma,uncommon,instant,,,,https://raw.githubusercontent.com/jakobmattsson/mtg-cards/master/images/uma/Forbidden Alchemy.png
Frantic Search,blue,0,,uma,common,instant,,,,https://raw.githubusercontent.com/jakobmattsson/mtg-cards/master/images/uma/Frantic Search.png
Fulminator Mage,black-red,0,,uma,rare,,,,,https://raw.githubusercontent.com/jakobmattsson/mtg-cards/master/images/uma/Fulminator Mage.png
Fume Spitter,black,0,,uma,common,,,,,https://raw.githubusercontent.com/jakobmattsson/mtg-cards/master/images/uma/Fume Spitter.png
Furnace Celebration,red,0,,uma,uncommon,,,,,https://raw.githubusercontent.com/jakobmattsson/mtg-cards/master/images/uma/Furnace Celebration.png
Gaddock Teeg,green+white,0,,uma,rare,,,,,https://raw.githubusercontent.com/jakobmattsson/mtg-cards/master/images/uma/Gaddock Teeg.png
Gamble,red,0,,uma,rare,,,,,https://raw.githubusercontent.com/jakobmattsson/mtg-cards/master/images/uma/Gamble.png
"Garna, the Bloodflame",red+black,0,,uma,uncommon,,,,,"https://raw.githubusercontent.com/jakobmattsson/mtg-cards/master/images/uma/Garna, the Bloodflame.png"
Generator Servant,red,0,,uma,common,,,,,https://raw.githubusercontent.com/jakobmattsson/mtg-cards/master/images/uma/Generator Servant.png
Ghoulcaller's Accomplice,black,0,,uma,common,,,,,https://raw.githubusercontent.com/jakobmattsson/mtg-cards/master/images/uma/Ghoulcaller's Accomplice.png
Ghoulsteed,black,0,,uma,uncommon,,,,,https://raw.githubusercontent.com/jakobmattsson/mtg-cards/master/images/uma/Ghoulsteed.png
Glen Elendra Archmage,blue,4.5,,uma,rare,,,,,https://raw.githubusercontent.com/jakobmattsson/mtg-cards/master/images/uma/Glen Elendra Archmage.png
Gods Willing,white,0,,uma,common,instant,,,,https://raw.githubusercontent.com/jakobmattsson/mtg-cards/master/images/uma/Gods Willing.png
Golgari Brownscale,green,0,,uma,common,,,,,https://raw.githubusercontent.com/jakobmattsson/mtg-cards/master/images/uma/Golgari Brownscale.png
Golgari Charm,black+green,0,,uma,uncommon,instant,,,,https://raw.githubusercontent.com/jakobmattsson/mtg-cards/master/images/uma/Golgari Charm.png
Golgari Grave-Troll,green,4,,uma,rare,,,,,https://raw.githubusercontent.com/jakobmattsson/mtg-cards/master/images/uma/Golgari Grave-Troll.png
Golgari Thug,black,0,,uma,uncommon,,,,,https://raw.githubusercontent.com/jakobmattsson/mtg-cards/master/images/uma/Golgari Thug.png
Goryo's Vengeance,black,0,,uma,rare,instant,,,,https://raw.githubusercontent.com/jakobmattsson/mtg-cards/master/images/uma/Goryo's Vengeance.png
Grave Scrabbler,black,0,,uma,common,,,,,https://raw.githubusercontent.com/jakobmattsson/mtg-cards/master/images/uma/Grave Scrabbler.png
Grave Strength,black,0,,uma,uncommon,,,,,https://raw.githubusercontent.com/jakobmattsson/mtg-cards/master/images/uma/Grave Strength.png
Groundskeeper,green,0,,uma,common,,,,,https://raw.githubusercontent.com/jakobmattsson/mtg-cards/master/images/uma/Groundskeeper.png
Gurmag Angler,black,0,,uma,common,,,,,https://raw.githubusercontent.com/jakobmattsson/mtg-cards/master/images/uma/Gurmag Angler.png
Heap Doll,artifact,0,,uma,uncommon,,,,,https://raw.githubusercontent.com/jakobmattsson/mtg-cards/master/images/uma/Heap Doll.png
Heliod's Pilgrim,white,0,,uma,common,,,,,https://raw.githubusercontent.com/jakobmattsson/mtg-cards/master/images/uma/Heliod's Pilgrim.png
Hero of Iroas,white,0,,uma,uncommon,,,,,https://raw.githubusercontent.com/jakobmattsson/mtg-cards/master/images/uma/Hero of Iroas.png
Hero of Leina Tower,green,0,,uma,uncommon,,,,,https://raw.githubusercontent.com/jakobmattsson/mtg-cards/master/images/uma/Hero of Leina Tower.png
Hissing Iguanar,red,0,,uma,common,,,,,https://raw.githubusercontent.com/jakobmattsson/mtg-cards/master/images/uma/Hissing Iguanar.png
Hooting Mandrills,green,0,,uma,common,,,,,https://raw.githubusercontent.com/jakobmattsson/mtg-cards/master/images/uma/Hooting Mandrills.png
Hyena Umbra,white,0,,uma,common,,,,,https://raw.githubusercontent.com/jakobmattsson/mtg-cards/master/images/uma/Hyena Umbra.png
Icatian Crier,white,0,,uma,common,,,,,https://raw.githubusercontent.com/jakobmattsson/mtg-cards/master/images/uma/Icatian Crier.png
Ingot Chewer,red,0,,uma,common,,,,,https://raw.githubusercontent.com/jakobmattsson/mtg-cards/master/images/uma/Ingot Chewer.png
Iridescent Drake,blue,0,,uma,uncommon,,,,,https://raw.githubusercontent.com/jakobmattsson/mtg-cards/master/images/uma/Iridescent Drake.png
Just the Wind,blue,0,,uma,common,instant,,,,https://raw.githubusercontent.com/jakobmattsson/mtg-cards/master/images/uma/Just the Wind.png
Karakas,land,0,,uma,mythic,,,,,https://raw.githubusercontent.com/jakobmattsson/mtg-cards/master/images/uma/Karakas.png
Karn Liberated,artifact,5,,uma,mythic,,,,,https://raw.githubusercontent.com/jakobmattsson/mtg-cards/master/images/uma/Karn Liberated.png
Kitchen Finks,green-white,4.5,,uma,uncommon,,,,,https://raw.githubusercontent.com/jakobmattsson/mtg-cards/master/images/uma/Kitchen Finks.png
Kodama's Reach,green,0,,uma,common,,,,,https://raw.githubusercontent.com/jakobmattsson/mtg-cards/master/images/uma/Kodama's Reach.png
"Kozilek, Butcher of Truth",artifact,0,,uma,mythic,,,,,"https://raw.githubusercontent.com/jakobmattsson/mtg-cards/master/images/uma/Kozilek, Butcher of Truth.png"
Laboratory Maniac,blue,0,,uma,uncommon,,,,,https://raw.githubusercontent.com/jakobmattsson/mtg-cards/master/images/uma/Laboratory Maniac.png
Last Gasp,black,3.5,,uma,common,instant,,,,https://raw.githubusercontent.com/jakobmattsson/mtg-cards/master/images/uma/Last Gasp.png
Lava Spike,red,0,,uma,uncommon,,,,,https://raw.githubusercontent.com/jakobmattsson/mtg-cards/master/images/uma/Lava Spike.png
Lavaclaw Reaches,land,0,,uma,rare,,,,,https://raw.githubusercontent.com/jakobmattsson/mtg-cards/master/images/uma/Lavaclaw Reaches.png
"Leovold, Emissary of Trest",black+green+blue,0,,uma,mythic,,,,,"https://raw.githubusercontent.com/jakobmattsson/mtg-cards/master/images/uma/Leovold, Emissary of Trest.png"
Life from the Loam,green,0,,uma,rare,,,,,https://raw.githubusercontent.com/jakobmattsson/mtg-cards/master/images/uma/Life from the Loam.png
Liliana of the Veil,black,5,,uma,mythic,,,,,https://raw.githubusercontent.com/jakobmattsson/mtg-cards/master/images/uma/Liliana of the Veil.png
Living Lore,blue,0,,uma,uncommon,,,,,https://raw.githubusercontent.com/jakobmattsson/mtg-cards/master/images/uma/Living Lore.png
Lord of Extinction,green+black,4,,uma,mythic,,,,,https://raw.githubusercontent.com/jakobmattsson/mtg-cards/master/images/uma/Lord of Extinction.png
Lotus-Eye Mystics,white,0,,uma,common,,,,,https://raw.githubusercontent.com/jakobmattsson/mtg-cards/master/images/uma/Lotus-Eye Mystics.png
Mad Prophet,red,0,,uma,common,,,,,https://raw.githubusercontent.com/jakobmattsson/mtg-cards/master/images/uma/Mad Prophet.png
Maelstrom Pulse,black+green,4,,uma,rare,,,,,https://raw.githubusercontent.com/jakobmattsson/mtg-cards/master/images/uma/Maelstrom Pulse.png
Mage-Ring Network,land,0,,uma,uncommon,,,,,https://raw.githubusercontent.com/jakobmattsson/mtg-cards/master/images/uma/Mage-Ring Network.png
Magmaw,red,0,,uma,uncommon,,,,,https://raw.githubusercontent.com/jakobmattsson/mtg-cards/master/images/uma/Magmaw.png
Magus of the Bazaar,blue,0,,uma,rare,,,,,https://raw.githubusercontent.com/jakobmattsson/mtg-cards/master/images/uma/Magus of the Bazaar.png
Mahamoti Djinn,blue,0,,uma,uncommon,,,,,https://raw.githubusercontent.com/jakobmattsson/mtg-cards/master/images/uma/Mahamoti Djinn.png
Malevolent Whispers,red,0,,uma,uncommon,,,,,https://raw.githubusercontent.com/jakobmattsson/mtg-cards/master/images/uma/Malevolent Whispers.png
Mammoth Umbra,white,0,,uma,common,,,,,https://raw.githubusercontent.com/jakobmattsson/mtg-cards/master/images/uma/Mammoth Umbra.png
Mana Vault,artifact,4.5,,uma,mythic,,,,,https://raw.githubusercontent.com/jakobmattsson/mtg-cards/master/images/uma/Mana Vault.png
Marang River Prowler,blue,0,,uma,uncommon,,,,,https://raw.githubusercontent.com/jakobmattsson/mtg-cards/master/images/uma/Marang River Prowler.png
Mark of the Vampire,black,0,,uma,common,,,,,https://raw.githubusercontent.com/jakobmattsson/mtg-cards/master/images/uma/Mark of the Vampire.png
Martyr of Sands,white,0,,uma,common,,,,,https://raw.githubusercontent.com/jakobmattsson/mtg-cards/master/images/uma/Martyr of Sands.png
"Mikaeus, the Unhallowed",black,4.5,,uma,mythic,,,,,"https://raw.githubusercontent.com/jakobmattsson/mtg-cards/master/images/uma/Mikaeus, the Unhallowed.png"
Miming Slime,green,0,,uma,common,,,,,https://raw.githubusercontent.com/jakobmattsson/mtg-cards/master/images/uma/Miming Slime.png
Miraculous Recovery,white,0,,uma,uncommon,instant,,,,https://raw.githubusercontent.com/jakobmattsson/mtg-cards/master/images/uma/Miraculous Recovery.png
Mistveil Plains,land,0,,uma,uncommon,,,,,https://raw.githubusercontent.com/jakobmattsson/mtg-cards/master/images/uma/Mistveil Plains.png
Moan of the Unhallowed,common,0,,uma,common,,,,,https://raw.githubusercontent.com/jakobmattsson/mtg-cards/master/images/uma/Moan of the Unhallowed.png
Molten Birth,red,0,,uma,common,,,,,https://raw.githubusercontent.com/jakobmattsson/mtg-cards/master/images/uma/Molten Birth.png
Murderous Redcap,black-red,0,,uma,uncommon,,,,,https://raw.githubusercontent.com/jakobmattsson/mtg-cards/master/images/uma/Murderous Redcap.png
Myr Servitor,artifact,0,,uma,common,,,,,https://raw.githubusercontent.com/jakobmattsson/mtg-cards/master/images/uma/Myr Servitor.png
Mystic Retrieval,blue,0,,uma,uncommon,,,,,https://raw.githubusercontent.com/jakobmattsson/mtg-cards/master/images/uma/Mystic Retrieval.png
Nightbird's Clutches,red,0,,uma,common,,,,,https://raw.githubusercontent.com/jakobmattsson/mtg-cards/master/images/uma/Nightbird's Clutches.png
Noble Hierarch,green,4.5,,uma,rare,,,,,https://raw.githubusercontent.com/jakobmattsson/mtg-cards/master/images/uma/Noble Hierarch.png
Nourishing Shoal,green,0,,uma,rare,instant,,,,https://raw.githubusercontent.com/jakobmattsson/mtg-cards/master/images/uma/Nourishing Shoal.png
Offalsnout,black,0,,uma,common,instant,,,,https://raw.githubusercontent.com/jakobmattsson/mtg-cards/master/images/uma/Offalsnout.png
Olivia's Dragoon,black,0,,uma,common,,,,,https://raw.githubusercontent.com/jakobmattsson/mtg-cards/master/images/uma/Olivia's Dragoon.png
Patchwork Gnomes,artifact,0,,uma,common,,,,,https://raw.githubusercontent.com/jakobmattsson/mtg-cards/master/images/uma/Patchwork Gnomes.png
Pattern of Rebirth,green,0,,uma,rare,,,,,https://raw.githubusercontent.com/jakobmattsson/mtg-cards/master/images/uma/Pattern of Rebirth.png
Penumbra Wurm,green,0,,uma,uncommon,,,,,https://raw.githubusercontent.com/jakobmattsson/mtg-cards/master/images/uma/Penumbra Wurm.png
Phalanx Leader,white,0,,uma,uncommon,,,,,https://raw.githubusercontent.com/jakobmattsson/mtg-cards/master/images/uma/Phalanx Leader.png
Phyrexian Altar,artifact,0,,uma,rare,,,,,https://raw.githubusercontent.com/jakobmattsson/mtg-cards/master/images/uma/Phyrexian Altar.png
Phyrexian Tower,land,0,,uma,rare,,,,,https://raw.githubusercontent.com/jakobmattsson/mtg-cards/master/images/uma/Phyrexian Tower.png
Platinum Emperion,artifact,4,,uma,mythic,,,,,https://raw.githubusercontent.com/jakobmattsson/mtg-cards/master/images/uma/Platinum Emperion.png
Plumeveil,white-blue,0,,uma,uncommon,instant,,,,https://raw.githubusercontent.com/jakobmattsson/mtg-cards/master/images/uma/Plumeveil.png
Prey Upon,green,0,,uma,common,,,,,https://raw.githubusercontent.com/jakobmattsson/mtg-cards/master/images/uma/Prey Upon.png
Prismatic Lens,artifact,0,,uma,uncommon,,,,,https://raw.githubusercontent.com/jakobmattsson/mtg-cards/master/images/uma/Prismatic Lens.png
Pulse of Murasa,green,0,,uma,common,instant,,,,https://raw.githubusercontent.com/jakobmattsson/mtg-cards/master/images/uma/Pulse of Murasa.png
Raging Ravine,land,0,,uma,rare,,,,,https://raw.githubusercontent.com/jakobmattsson/mtg-cards/master/images/uma/Raging Ravine.png
Raid Bombardment,red,0,,uma,common,,,,,https://raw.githubusercontent.com/jakobmattsson/mtg-cards/master/images/uma/Raid Bombardment.png
Rakdos Shred-Freak,red-black,0,,uma,common,,,,,https://raw.githubusercontent.com/jakobmattsson/mtg-cards/master/images/uma/Rakdos Shred-Freak.png
Rally the Peasants,white,0,,uma,uncommon,,,,,https://raw.githubusercontent.com/jakobmattsson/mtg-cards/master/images/uma/Rally the Peasants.png
Reanimate,black,4,,uma,rare,,,,,https://raw.githubusercontent.com/jakobmattsson/mtg-cards/master/images/uma/Reanimate.png
Reckless Charge,red,0,,uma,common,,,,,https://raw.githubusercontent.com/jakobmattsson/mtg-cards/master/images/uma/Reckless Charge.png
Reckless Wurm,red,0,,uma,common,,,,,https://raw.githubusercontent.com/jakobmattsson/mtg-cards/master/images/uma/Reckless Wurm.png
Repel the Darkness,white,0,,uma,common,instant,,,,https://raw.githubusercontent.com/jakobmattsson/mtg-cards/master/images/uma/Repel the Darkness.png
Resurrection,white,0,,uma,common,,,,,https://raw.githubusercontent.com/jakobmattsson/mtg-cards/master/images/uma/Resurrection.png
Reveillark,white,4,,uma,rare,,,,,https://raw.githubusercontent.com/jakobmattsson/mtg-cards/master/images/uma/Reveillark.png
Reviving Vapors,white+blue,0,,uma,uncommon,instant,,,,https://raw.githubusercontent.com/jakobmattsson/mtg-cards/master/images/uma/Reviving Vapors.png
Reya Dawnbringer,white,0,,uma,rare,,,,,https://raw.githubusercontent.com/jakobmattsson/mtg-cards/master/images/uma/Reya Dawnbringer.png
Rise from the Tides,blue,0,,uma,uncommon,,,,,https://raw.githubusercontent.com/jakobmattsson/mtg-cards/master/images/uma/Rise from the Tides.png
Rogue's Passage,land,0,,uma,uncommon,,,,,https://raw.githubusercontent.com/jakobmattsson/mtg-cards/master/images/uma/Rogue's Passage.png
Rolling Temblor,red,0,,uma,uncommon,,,,,https://raw.githubusercontent.com/jakobmattsson/mtg-cards/master/images/uma/Rolling Temblor.png
Ronom Unicorn,white,0,,uma,common,,,,,https://raw.githubusercontent.com/jakobmattsson/mtg-cards/master/images/uma/Ronom Unicorn.png
Rune Snag,blue,0,,uma,common,instant,,,,https://raw.githubusercontent.com/jakobmattsson/mtg-cards/master/images/uma/Rune Snag.png
Runed Halo,white,0,,uma,rare,,,,,https://raw.githubusercontent.com/jakobmattsson/mtg-cards/master/images/uma/Runed Halo.png
Safehold Elite,green-white,0,,uma,common,,,,,https://raw.githubusercontent.com/jakobmattsson/mtg-cards/master/images/uma/Safehold Elite.png
Sanitarium Skeleton,black,0,,uma,common,,,,,https://raw.githubusercontent.com/jakobmattsson/mtg-cards/master/images/uma/Sanitarium Skeleton.png
Satyr Wayfinder,green,0,,uma,common,,,,,https://raw.githubusercontent.com/jakobmattsson/mtg-cards/master/images/uma/Satyr Wayfinder.png
Scuzzback Marauders,green-red,0,,uma,common,,,,,https://raw.githubusercontent.com/jakobmattsson/mtg-cards/master/images/uma/Scuzzback Marauders.png
Seismic Assault,red,0,,uma,rare,,,,,https://raw.githubusercontent.com/jakobmattsson/mtg-cards/master/images/uma/Seismic Assault.png
Seize the Day,red,0,,uma,rare,,,,,https://raw.githubusercontent.com/jakobmattsson/mtg-cards/master/images/uma/Seize the Day.png
Shed Weakness,green,0,,uma,common,instant,,,,https://raw.githubusercontent.com/jakobmattsson/mtg-cards/master/images/uma/Shed Weakness.png
Shielding Plax,green-blue,0,,uma,common,,,,,https://raw.githubusercontent.com/jakobmattsson/mtg-cards/master/images/uma/Shielding Plax.png
"Shirei, Shizo's Caretaker",black,0,,uma,uncommon,,,,,"https://raw.githubusercontent.com/jakobmattsson/mtg-cards/master/images/uma/Shirei, Shizo's Caretaker.png"
Shriekmaw,black,4.5,,uma,uncommon,,,,,https://raw.githubusercontent.com/jakobmattsson/mtg-cards/master/images/uma/Shriekmaw.png
"Sigarda, Host of Herons",green+white,4.5,,uma,mythic,,,,,"https://raw.githubusercontent.com/jakobmattsson/mtg-cards/master/images/uma/Sigarda, Host of Herons.png"
Sigil of the New Dawn,white,0,,uma,uncommon,,,,,https://raw.githubusercontent.com/jakobmattsson/mtg-cards/master/images/uma/Sigil of the New Dawn.png
Skyspear Cavalry,white,0,,uma,common,,,,,https://raw.githubusercontent.com/jakobmattsson/mtg-cards/master/images/uma/Skyspear Cavalry.png
Skywing Aven,blue,0,,uma,common,,,,,https://raw.githubusercontent.com/jakobmattsson/mtg-cards/master/images/uma/Skywing Aven.png
Sleight of Hand,blue,0,,uma,uncommon,,,,,https://raw.githubusercontent.com/jakobmattsson/mtg-cards/master/images/uma/Sleight of Hand.png
Slippery Bogle,green-blue,0,,uma,uncommon,,,,,https://raw.githubusercontent.com/jakobmattsson/mtg-cards/master/images/uma/Slippery Bogle.png
Slum Reaper,black,0,,uma,common,,,,,https://raw.githubusercontent.com/jakobmattsson/mtg-cards/master/images/uma/Slum Reaper.png
Snake Umbra,green,0,,uma,uncommon,,,,,https://raw.githubusercontent.com/jakobmattsson/mtg-cards/master/images/uma/Snake Umbra.png
Snapcaster Mage,blue,4.5,,uma,mythic,,,,,https://raw.githubusercontent.com/jakobmattsson/mtg-cards/master/images/uma/Snapcaster Mage.png
Songs of the Damned,black,0,,uma,uncommon,instant,,,,https://raw.githubusercontent.com/jakobmattsson/mtg-cards/master/images/uma/Songs of the Damned.png
Soul's Fire,red,0,,uma,common,instant,,,,https://raw.githubusercontent.com/jakobmattsson/mtg-cards/master/images/uma/Soul's Fire.png
Sovereigns of Lost Alara,white+blue,4,,uma,rare,,,,,https://raw.githubusercontent.com/jakobmattsson/mtg-cards/master/images/uma/Sovereigns of Lost Alara.png
Sparkspitter,red,0,,uma,common,,,,,https://raw.githubusercontent.com/jakobmattsson/mtg-cards/master/images/uma/Sparkspitter.png
Spider Spawning,green,4,,uma,uncommon,,,,,https://raw.githubusercontent.com/jakobmattsson/mtg-cards/master/images/uma/Spider Spawning.png
Spider Umbra,green,0,,uma,common,,,,,https://raw.githubusercontent.com/jakobmattsson/mtg-cards/master/images/uma/Spider Umbra.png
Spirit Cairn,white,0,,uma,uncommon,,,,,https://raw.githubusercontent.com/jakobmattsson/mtg-cards/master/images/uma/Spirit Cairn.png
Spoils of the Vault,black,0,,uma,rare,instant,,,,https://raw.githubusercontent.com/jakobmattsson/mtg-cards/master/images/uma/Spoils of the Vault.png
"Squee, Goblin Nabob",red,0,,uma,rare,,,,,"https://raw.githubusercontent.com/jakobmattsson/mtg-cards/master/images/uma/Squee, Goblin Nabob.png"
Staunch-Hearted Warrior,green,0,,uma,common,,,,,https://raw.githubusercontent.com/jakobmattsson/mtg-cards/master/images/uma/Staunch-Hearted Warrior.png
Stingerfling Spider,green,0,,uma,uncommon,,,,,https://raw.githubusercontent.com/jakobmattsson/mtg-cards/master/images/uma/Stingerfling Spider.png
Stirring Wildwood,land,0,,uma,rare,,,,,https://raw.githubusercontent.com/jakobmattsson/mtg-cards/master/images/uma/Stirring Wildwood.png
Stitched Drake,blue,0,,uma,common,,,,,https://raw.githubusercontent.com/jakobmattsson/mtg-cards/master/images/uma/Stitched Drake.png
Stitcher's Apprentice,blue,0,,uma,common,,,,,https://raw.githubusercontent.com/jakobmattsson/mtg-cards/master/images/uma/Stitcher's Apprentice.png
Stream of Consciousness,blue,0,,uma,uncommon,instant,,,,https://raw.githubusercontent.com/jakobmattsson/mtg-cards/master/images/uma/Stream of Consciousness.png
Sublime Archangel,white,4.5,,uma,rare,,,,,https://raw.githubusercontent.com/jakobmattsson/mtg-cards/master/images/uma/Sublime Archangel.png
Sultai Skullkeeper,blue,0,,uma,common,,,,,https://raw.githubusercontent.com/jakobmattsson/mtg-cards/master/images/uma/Sultai Skullkeeper.png
Swift Reckoning,white,0,,uma,uncommon,,,,,https://raw.githubusercontent.com/jakobmattsson/mtg-cards/master/images/uma/Swift Reckoning.png
"Talrand, Sky Summoner",blue,4,,uma,rare,,,,,"https://raw.githubusercontent.com/jakobmattsson/mtg-cards/master/images/uma/Talrand, Sky Summoner.png"
Tarmogoyf,green,4,,uma,mythic,,,,,https://raw.githubusercontent.com/jakobmattsson/mtg-cards/master/images/uma/Tarmogoyf.png
"Tasigur, the Golden Fang",black,4.5,,uma,rare,,,,,"https://raw.githubusercontent.com/jakobmattsson/mtg-cards/master/images/uma/Tasigur, the Golden Fang.png"
Temporal Manipulation,blue,4,,uma,mythic,,,,,https://raw.githubusercontent.com/jakobmattsson/mtg-cards/master/images/uma/Temporal Manipulation.png
Terramorphic Expanse,land,0,,uma,common,,,,,https://raw.githubusercontent.com/jakobmattsson/mtg-cards/master/images/uma/Terramorphic Expanse.png
Tethmos High Priest,white,0,,uma,common,,,,,https://raw.githubusercontent.com/jakobmattsson/mtg-cards/master/images/uma/Tethmos High Priest.png
Thermo-Alchemist,red,0,,uma,common,,,,,https://raw.githubusercontent.com/jakobmattsson/mtg-cards/master/images/uma/Thermo-Alchemist.png
Thespian's Stage,land,0,,uma,rare,,,,,https://raw.githubusercontent.com/jakobmattsson/mtg-cards/master/images/uma/Thespian's Stage.png
Think Twice,blue,0,,uma,common,instant,,,,https://raw.githubusercontent.com/jakobmattsson/mtg-cards/master/images/uma/Think Twice.png
Through the Breach,red,0,,uma,rare,instant,,,,https://raw.githubusercontent.com/jakobmattsson/mtg-cards/master/images/uma/Through the Breach.png
Travel Preparations,green,0,,uma,uncommon,,,,,https://raw.githubusercontent.com/jakobmattsson/mtg-cards/master/images/uma/Travel Preparations.png
Treasure Cruise,blue,0,,uma,common,,,,,https://raw.githubusercontent.com/jakobmattsson/mtg-cards/master/images/uma/Treasure Cruise.png
Turn to Mist,white-blue,0,,uma,common,instant,,,,https://raw.githubusercontent.com/jakobmattsson/mtg-cards/master/images/uma/Turn to Mist.png
Twins of Maurer Estate,black,0,,uma,common,,,,,https://raw.githubusercontent.com/jakobmattsson/mtg-cards/master/images/uma/Twins of Maurer Estate.png
Ulamog's Crusher,artifact,0,,uma,common,,,,,https://raw.githubusercontent.com/jakobmattsson/mtg-cards/master/images/uma/Ulamog's Crusher.png
"Ulamog, the Infinite Gyre",artifact,4,,uma,mythic,,,,,"https://raw.githubusercontent.com/jakobmattsson/mtg-cards/master/images/uma/Ulamog, the Infinite Gyre.png"
Unburial Rites,black,4,,uma,uncommon,,,,,https://raw.githubusercontent.com/jakobmattsson/mtg-cards/master/images/uma/Unburial Rites.png
Undying Rage,red,0,,uma,common,,,,,https://raw.githubusercontent.com/jakobmattsson/mtg-cards/master/images/uma/Undying Rage.png
Unholy Hunger,black,4,,uma,common,instant,,,,https://raw.githubusercontent.com/jakobmattsson/mtg-cards/master/images/uma/Unholy Hunger.png
Unstable Mutation,blue,0,,uma,uncommon,,,,,https://raw.githubusercontent.com/jakobmattsson/mtg-cards/master/images/uma/Unstable Mutation.png
Urban Evolution,green+blue,0,,uma,uncommon,,,,,https://raw.githubusercontent.com/jakobmattsson/mtg-cards/master/images/uma/Urban Evolution.png
"Urborg, Tomb of Yawgmoth",land,0,,uma,rare,,,,,"https://raw.githubusercontent.com/jakobmattsson/mtg-cards/master/images/uma/Urborg, Tomb of Yawgmoth.png"
Vengeful Rebirth,red+green,0,,uma,uncommon,,,,,https://raw.githubusercontent.com/jakobmattsson/mtg-cards/master/images/uma/Vengeful Rebirth.png
Vengevine,green,4,,uma,mythic,,,,,https://raw.githubusercontent.com/jakobmattsson/mtg-cards/master/images/uma/Vengevine.png
Verdant Eidolon,green,0,,uma,common,,,,,https://raw.githubusercontent.com/jakobmattsson/mtg-cards/master/images/uma/Verdant Eidolon.png
Vessel of Endless Rest,artifact,0,,uma,common,,,,,https://raw.githubusercontent.com/jakobmattsson/mtg-cards/master/images/uma/Vessel of Endless Rest.png
Vexing Devil,red,0,,uma,rare,,,,,https://raw.githubusercontent.com/jakobmattsson/mtg-cards/master/images/uma/Vexing Devil.png
Visions of Beyond,blue,0,,uma,rare,instant,,,,https://raw.githubusercontent.com/jakobmattsson/mtg-cards/master/images/uma/Visions of Beyond.png
Walker of the Grove,green,0,,uma,common,,,,,https://raw.githubusercontent.com/jakobmattsson/mtg-cards/master/images/uma/Walker of the Grove.png
Wall of Reverence,white,0,,uma,rare,,,,,https://raw.githubusercontent.com/jakobmattsson/mtg-cards/master/images/uma/Wall of Reverence.png
Wandering Champion,white,0,,uma,common,,,,,https://raw.githubusercontent.com/jakobmattsson/mtg-cards/master/images/uma/Wandering Champion.png
Warleader's Helix,red+white,4,,uma,uncommon,instant,,,,https://raw.githubusercontent.com/jakobmattsson/mtg-cards/master/images/uma/Warleader's Helix.png
Whirlwind Adept,blue,0,,uma,common,,,,,https://raw.githubusercontent.com/jakobmattsson/mtg-cards/master/images/uma/Whirlwind Adept.png
Wickerbough Elder,green,0,,uma,common,,,,,https://raw.githubusercontent.com/jakobmattsson/mtg-cards/master/images/uma/Wickerbough Elder.png
Wild Hunger,green,0,,uma,uncommon,instant,,,,https://raw.githubusercontent.com/jakobmattsson/mtg-cards/master/images/uma/Wild Hunger.png
Wild Mongrel,green,0,,uma,common,,,,,https://raw.githubusercontent.com/jakobmattsson/mtg-cards/master/images/uma/Wild Mongrel.png
Wingsteed Rider,white,0,,uma,common,,,,,https://raw.githubusercontent.com/jakobmattsson/mtg-cards/master/images/uma/Wingsteed Rider.png
Woodfall Primus,green,4,,uma,rare,,,,,https://raw.githubusercontent.com/jakobmattsson/mtg-cards/master/images/uma/Woodfall Primus.png
Young Pyromancer,red,4,,uma,uncommon,,,,,https://raw.githubusercontent.com/jakobmattsson/mtg-cards/master/images/uma/Young Pyromancer.png
